java -ea -Xmx27320m -Xms27320m --add-modules jdk.incubator.vector -cp /gpfs1/cl/ecogen/pbio6800/GroupProjects/programs/bbmap/current/ jgi.BBDuk in=/gpfs1/cl/ecogen/pbio6800/GroupProjects/picea_rnaseq/fastq_run2/ASC_06_C_0_GAGTCC_R1.fastq.gz out=/gpfs1/cl/ecogen/pbio6800/GroupProjects/picea_rnaseq/cleanreads/ASC_06_C_0_GAGTCC_R1.fastq.gz.clean.fq ref=/gpfs1/cl/ecogen/pbio6800/GroupProjects/programs/bbmap/resources/adapters.fa ktrim=r k=23 mink=11 hdist=1 tpe tbo trimpolya=10
WARNING: Using incubator modules: jdk.incubator.vector
Executing jgi.BBDuk [in=/gpfs1/cl/ecogen/pbio6800/GroupProjects/picea_rnaseq/fastq_run2/ASC_06_C_0_GAGTCC_R1.fastq.gz, out=/gpfs1/cl/ecogen/pbio6800/GroupProjects/picea_rnaseq/cleanreads/ASC_06_C_0_GAGTCC_R1.fastq.gz.clean.fq, ref=/gpfs1/cl/ecogen/pbio6800/GroupProjects/programs/bbmap/resources/adapters.fa, ktrim=r, k=23, mink=11, hdist=1, tpe, tbo, trimpolya=10]
Version 39.46

maskMiddle was disabled because useShortKmers=true
Allocating kmer table: 	0.045 seconds.
Initial:
Memory: max=28655m, total=28655m, free=28595m, used=60m

Added 217135 kmers; time: 	0.105 seconds.
Memory: max=28655m, total=28655m, free=28511m, used=144m

Input is being processed as unpaired
Started output streams:	0.043 seconds.
Processing time:   		2.407 seconds.

Input:                  	4684389 reads 		398173065 bases.
Polymer-trimmed:        	24411 reads (0.52%) 	417673 bases (0.10%)
KTrimmed:               	199610 reads (4.26%) 	8270828 bases (2.08%)
Trimmed by overlap:     	0 reads (0.00%) 	0 bases (0.00%)
Total Removed:          	9255 reads (0.20%) 	8688501 bases (2.18%)
Result:                 	4675134 reads (99.80%) 	389484564 bases (97.82%)

Time:                         	2.558 seconds.
Reads Processed:       4684k 	1831.51k reads/sec
Bases Processed:        398m 	155.68m bases/sec
java -ea -Xmx27320m -Xms27320m --add-modules jdk.incubator.vector -cp /gpfs1/cl/ecogen/pbio6800/GroupProjects/programs/bbmap/current/ jgi.BBDuk in=/gpfs1/cl/ecogen/pbio6800/GroupProjects/picea_rnaseq/fastq_run2/ASC_06_C_10_ACGTCT_R1.fastq.gz out=/gpfs1/cl/ecogen/pbio6800/GroupProjects/picea_rnaseq/cleanreads/ASC_06_C_10_ACGTCT_R1.fastq.gz.clean.fq ref=/gpfs1/cl/ecogen/pbio6800/GroupProjects/programs/bbmap/resources/adapters.fa ktrim=r k=23 mink=11 hdist=1 tpe tbo trimpolya=10
WARNING: Using incubator modules: jdk.incubator.vector
Executing jgi.BBDuk [in=/gpfs1/cl/ecogen/pbio6800/GroupProjects/picea_rnaseq/fastq_run2/ASC_06_C_10_ACGTCT_R1.fastq.gz, out=/gpfs1/cl/ecogen/pbio6800/GroupProjects/picea_rnaseq/cleanreads/ASC_06_C_10_ACGTCT_R1.fastq.gz.clean.fq, ref=/gpfs1/cl/ecogen/pbio6800/GroupProjects/programs/bbmap/resources/adapters.fa, ktrim=r, k=23, mink=11, hdist=1, tpe, tbo, trimpolya=10]
Version 39.46

maskMiddle was disabled because useShortKmers=true
Allocating kmer table: 	0.017 seconds.
Initial:
Memory: max=28655m, total=28655m, free=28595m, used=60m

Added 217135 kmers; time: 	0.068 seconds.
Memory: max=28655m, total=28655m, free=28511m, used=144m

Input is being processed as unpaired
Started output streams:	0.015 seconds.
Processing time:   		3.242 seconds.

Input:                  	4982799 reads 		423537915 bases.
Polymer-trimmed:        	32021 reads (0.64%) 	541410 bases (0.13%)
KTrimmed:               	167960 reads (3.37%) 	6855261 bases (1.62%)
Trimmed by overlap:     	0 reads (0.00%) 	0 bases (0.00%)
Total Removed:          	3356 reads (0.07%) 	7396671 bases (1.75%)
Result:                 	4979443 reads (99.93%) 	416141244 bases (98.25%)

Time:                         	3.327 seconds.
Reads Processed:       4982k 	1497.87k reads/sec
Bases Processed:        423m 	127.32m bases/sec
java -ea -Xmx27320m -Xms27320m --add-modules jdk.incubator.vector -cp /gpfs1/cl/ecogen/pbio6800/GroupProjects/programs/bbmap/current/ jgi.BBDuk in=/gpfs1/cl/ecogen/pbio6800/GroupProjects/picea_rnaseq/fastq_run2/ASC_06_C_5_GTGTAG_R1.fastq.gz out=/gpfs1/cl/ecogen/pbio6800/GroupProjects/picea_rnaseq/cleanreads/ASC_06_C_5_GTGTAG_R1.fastq.gz.clean.fq ref=/gpfs1/cl/ecogen/pbio6800/GroupProjects/programs/bbmap/resources/adapters.fa ktrim=r k=23 mink=11 hdist=1 tpe tbo trimpolya=10
WARNING: Using incubator modules: jdk.incubator.vector
Executing jgi.BBDuk [in=/gpfs1/cl/ecogen/pbio6800/GroupProjects/picea_rnaseq/fastq_run2/ASC_06_C_5_GTGTAG_R1.fastq.gz, out=/gpfs1/cl/ecogen/pbio6800/GroupProjects/picea_rnaseq/cleanreads/ASC_06_C_5_GTGTAG_R1.fastq.gz.clean.fq, ref=/gpfs1/cl/ecogen/pbio6800/GroupProjects/programs/bbmap/resources/adapters.fa, ktrim=r, k=23, mink=11, hdist=1, tpe, tbo, trimpolya=10]
Version 39.46

maskMiddle was disabled because useShortKmers=true
Allocating kmer table: 	0.025 seconds.
Initial:
Memory: max=28655m, total=28655m, free=28595m, used=60m

Added 217135 kmers; time: 	0.075 seconds.
Memory: max=28655m, total=28655m, free=28511m, used=144m

Input is being processed as unpaired
Started output streams:	0.015 seconds.
Processing time:   		2.190 seconds.

Input:                  	4339995 reads 		368899575 bases.
Polymer-trimmed:        	39321 reads (0.91%) 	673739 bases (0.18%)
KTrimmed:               	140245 reads (3.23%) 	5512133 bases (1.49%)
Trimmed by overlap:     	0 reads (0.00%) 	0 bases (0.00%)
Total Removed:          	2904 reads (0.07%) 	6185872 bases (1.68%)
Result:                 	4337091 reads (99.93%) 	362713703 bases (98.32%)

Time:                         	2.281 seconds.
Reads Processed:       4339k 	1902.60k reads/sec
Bases Processed:        368m 	161.72m bases/sec
java -ea -Xmx27320m -Xms27320m --add-modules jdk.incubator.vector -cp /gpfs1/cl/ecogen/pbio6800/GroupProjects/programs/bbmap/current/ jgi.BBDuk in=/gpfs1/cl/ecogen/pbio6800/GroupProjects/picea_rnaseq/fastq_run2/ASC_06_D_H_0_CGCAAC_R1.fastq.gz out=/gpfs1/cl/ecogen/pbio6800/GroupProjects/picea_rnaseq/cleanreads/ASC_06_D_H_0_CGCAAC_R1.fastq.gz.clean.fq ref=/gpfs1/cl/ecogen/pbio6800/GroupProjects/programs/bbmap/resources/adapters.fa ktrim=r k=23 mink=11 hdist=1 tpe tbo trimpolya=10
WARNING: Using incubator modules: jdk.incubator.vector
Executing jgi.BBDuk [in=/gpfs1/cl/ecogen/pbio6800/GroupProjects/picea_rnaseq/fastq_run2/ASC_06_D_H_0_CGCAAC_R1.fastq.gz, out=/gpfs1/cl/ecogen/pbio6800/GroupProjects/picea_rnaseq/cleanreads/ASC_06_D_H_0_CGCAAC_R1.fastq.gz.clean.fq, ref=/gpfs1/cl/ecogen/pbio6800/GroupProjects/programs/bbmap/resources/adapters.fa, ktrim=r, k=23, mink=11, hdist=1, tpe, tbo, trimpolya=10]
Version 39.46

maskMiddle was disabled because useShortKmers=true
Allocating kmer table: 	0.009 seconds.
Initial:
Memory: max=28655m, total=28655m, free=28595m, used=60m

Added 217135 kmers; time: 	0.072 seconds.
Memory: max=28655m, total=28655m, free=28511m, used=144m

Input is being processed as unpaired
Started output streams:	0.019 seconds.
Processing time:   		2.725 seconds.

Input:                  	5184731 reads 		440702135 bases.
Polymer-trimmed:        	121526 reads (2.34%) 	1961838 bases (0.45%)
KTrimmed:               	146279 reads (2.82%) 	6404862 bases (1.45%)
Trimmed by overlap:     	0 reads (0.00%) 	0 bases (0.00%)
Total Removed:          	17431 reads (0.34%) 	8366700 bases (1.90%)
Result:                 	5167300 reads (99.66%) 	432335435 bases (98.10%)

Time:                         	2.818 seconds.
Reads Processed:       5184k 	1839.91k reads/sec
Bases Processed:        440m 	156.39m bases/sec
java -ea -Xmx27320m -Xms27320m --add-modules jdk.incubator.vector -cp /gpfs1/cl/ecogen/pbio6800/GroupProjects/programs/bbmap/current/ jgi.BBDuk in=/gpfs1/cl/ecogen/pbio6800/GroupProjects/picea_rnaseq/fastq_run2/ASC_06_D_H_10_CAGCGT_R1.fastq.gz out=/gpfs1/cl/ecogen/pbio6800/GroupProjects/picea_rnaseq/cleanreads/ASC_06_D_H_10_CAGCGT_R1.fastq.gz.clean.fq ref=/gpfs1/cl/ecogen/pbio6800/GroupProjects/programs/bbmap/resources/adapters.fa ktrim=r k=23 mink=11 hdist=1 tpe tbo trimpolya=10
WARNING: Using incubator modules: jdk.incubator.vector
Executing jgi.BBDuk [in=/gpfs1/cl/ecogen/pbio6800/GroupProjects/picea_rnaseq/fastq_run2/ASC_06_D_H_10_CAGCGT_R1.fastq.gz, out=/gpfs1/cl/ecogen/pbio6800/GroupProjects/picea_rnaseq/cleanreads/ASC_06_D_H_10_CAGCGT_R1.fastq.gz.clean.fq, ref=/gpfs1/cl/ecogen/pbio6800/GroupProjects/programs/bbmap/resources/adapters.fa, ktrim=r, k=23, mink=11, hdist=1, tpe, tbo, trimpolya=10]
Version 39.46

maskMiddle was disabled because useShortKmers=true
Allocating kmer table: 	0.010 seconds.
Initial:
Memory: max=28655m, total=28655m, free=28595m, used=60m

Added 217135 kmers; time: 	0.064 seconds.
Memory: max=28655m, total=28655m, free=28511m, used=144m

Input is being processed as unpaired
Started output streams:	0.015 seconds.
Processing time:   		3.516 seconds.

Input:                  	4502508 reads 		382713180 bases.
Polymer-trimmed:        	131293 reads (2.92%) 	2193430 bases (0.57%)
KTrimmed:               	226515 reads (5.03%) 	8913926 bases (2.33%)
Trimmed by overlap:     	0 reads (0.00%) 	0 bases (0.00%)
Total Removed:          	13666 reads (0.30%) 	11107356 bases (2.90%)
Result:                 	4488842 reads (99.70%) 	371605824 bases (97.10%)

Time:                         	3.598 seconds.
Reads Processed:       4502k 	1251.38k reads/sec
Bases Processed:        382m 	106.37m bases/sec
java -ea -Xmx27320m -Xms27320m --add-modules jdk.incubator.vector -cp /gpfs1/cl/ecogen/pbio6800/GroupProjects/programs/bbmap/current/ jgi.BBDuk in=/gpfs1/cl/ecogen/pbio6800/GroupProjects/picea_rnaseq/fastq_run2/ASC_06_H_0_AATAGC_R1.fastq.gz out=/gpfs1/cl/ecogen/pbio6800/GroupProjects/picea_rnaseq/cleanreads/ASC_06_H_0_AATAGC_R1.fastq.gz.clean.fq ref=/gpfs1/cl/ecogen/pbio6800/GroupProjects/programs/bbmap/resources/adapters.fa ktrim=r k=23 mink=11 hdist=1 tpe tbo trimpolya=10
WARNING: Using incubator modules: jdk.incubator.vector
Executing jgi.BBDuk [in=/gpfs1/cl/ecogen/pbio6800/GroupProjects/picea_rnaseq/fastq_run2/ASC_06_H_0_AATAGC_R1.fastq.gz, out=/gpfs1/cl/ecogen/pbio6800/GroupProjects/picea_rnaseq/cleanreads/ASC_06_H_0_AATAGC_R1.fastq.gz.clean.fq, ref=/gpfs1/cl/ecogen/pbio6800/GroupProjects/programs/bbmap/resources/adapters.fa, ktrim=r, k=23, mink=11, hdist=1, tpe, tbo, trimpolya=10]
Version 39.46

maskMiddle was disabled because useShortKmers=true
Allocating kmer table: 	0.007 seconds.
Initial:
Memory: max=28655m, total=28655m, free=28595m, used=60m

Added 217135 kmers; time: 	0.077 seconds.
Memory: max=28655m, total=28655m, free=28511m, used=144m

Input is being processed as unpaired
Started output streams:	0.019 seconds.
Processing time:   		3.898 seconds.

Input:                  	6101634 reads 		518638890 bases.
Polymer-trimmed:        	108724 reads (1.78%) 	1895143 bases (0.37%)
KTrimmed:               	198497 reads (3.25%) 	8298506 bases (1.60%)
Trimmed by overlap:     	0 reads (0.00%) 	0 bases (0.00%)
Total Removed:          	10261 reads (0.17%) 	10193649 bases (1.97%)
Result:                 	6091373 reads (99.83%) 	508445241 bases (98.03%)

Time:                         	3.996 seconds.
Reads Processed:       6101k 	1526.98k reads/sec
Bases Processed:        518m 	129.79m bases/sec
java -ea -Xmx27320m -Xms27320m --add-modules jdk.incubator.vector -cp /gpfs1/cl/ecogen/pbio6800/GroupProjects/programs/bbmap/current/ jgi.BBDuk in=/gpfs1/cl/ecogen/pbio6800/GroupProjects/picea_rnaseq/fastq_run2/ASC_06_H_10_TCGAGG_R1.fastq.gz out=/gpfs1/cl/ecogen/pbio6800/GroupProjects/picea_rnaseq/cleanreads/ASC_06_H_10_TCGAGG_R1.fastq.gz.clean.fq ref=/gpfs1/cl/ecogen/pbio6800/GroupProjects/programs/bbmap/resources/adapters.fa ktrim=r k=23 mink=11 hdist=1 tpe tbo trimpolya=10
WARNING: Using incubator modules: jdk.incubator.vector
Executing jgi.BBDuk [in=/gpfs1/cl/ecogen/pbio6800/GroupProjects/picea_rnaseq/fastq_run2/ASC_06_H_10_TCGAGG_R1.fastq.gz, out=/gpfs1/cl/ecogen/pbio6800/GroupProjects/picea_rnaseq/cleanreads/ASC_06_H_10_TCGAGG_R1.fastq.gz.clean.fq, ref=/gpfs1/cl/ecogen/pbio6800/GroupProjects/programs/bbmap/resources/adapters.fa, ktrim=r, k=23, mink=11, hdist=1, tpe, tbo, trimpolya=10]
Version 39.46

maskMiddle was disabled because useShortKmers=true
Allocating kmer table: 	0.008 seconds.
Initial:
Memory: max=28655m, total=28655m, free=28595m, used=60m

Added 217135 kmers; time: 	0.093 seconds.
Memory: max=28655m, total=28655m, free=28511m, used=144m

Input is being processed as unpaired
Started output streams:	0.014 seconds.
Processing time:   		2.582 seconds.

Input:                  	5027645 reads 		427349825 bases.
Polymer-trimmed:        	127915 reads (2.54%) 	2168407 bases (0.51%)
KTrimmed:               	155400 reads (3.09%) 	7263048 bases (1.70%)
Trimmed by overlap:     	0 reads (0.00%) 	0 bases (0.00%)
Total Removed:          	25783 reads (0.51%) 	9431455 bases (2.21%)
Result:                 	5001862 reads (99.49%) 	417918370 bases (97.79%)

Time:                         	2.691 seconds.
Reads Processed:       5027k 	1868.22k reads/sec
Bases Processed:        427m 	158.80m bases/sec
java -ea -Xmx27320m -Xms27320m --add-modules jdk.incubator.vector -cp /gpfs1/cl/ecogen/pbio6800/GroupProjects/programs/bbmap/current/ jgi.BBDuk in=/gpfs1/cl/ecogen/pbio6800/GroupProjects/picea_rnaseq/fastq_run2/ASC_06_H_5_CCGCAA_R1.fastq.gz out=/gpfs1/cl/ecogen/pbio6800/GroupProjects/picea_rnaseq/cleanreads/ASC_06_H_5_CCGCAA_R1.fastq.gz.clean.fq ref=/gpfs1/cl/ecogen/pbio6800/GroupProjects/programs/bbmap/resources/adapters.fa ktrim=r k=23 mink=11 hdist=1 tpe tbo trimpolya=10
WARNING: Using incubator modules: jdk.incubator.vector
Executing jgi.BBDuk [in=/gpfs1/cl/ecogen/pbio6800/GroupProjects/picea_rnaseq/fastq_run2/ASC_06_H_5_CCGCAA_R1.fastq.gz, out=/gpfs1/cl/ecogen/pbio6800/GroupProjects/picea_rnaseq/cleanreads/ASC_06_H_5_CCGCAA_R1.fastq.gz.clean.fq, ref=/gpfs1/cl/ecogen/pbio6800/GroupProjects/programs/bbmap/resources/adapters.fa, ktrim=r, k=23, mink=11, hdist=1, tpe, tbo, trimpolya=10]
Version 39.46

maskMiddle was disabled because useShortKmers=true
Allocating kmer table: 	0.009 seconds.
Initial:
Memory: max=28655m, total=28655m, free=28595m, used=60m

Added 217135 kmers; time: 	0.077 seconds.
Memory: max=28655m, total=28655m, free=28511m, used=144m

Input is being processed as unpaired
Started output streams:	0.104 seconds.
Processing time:   		2.438 seconds.

Input:                  	5126766 reads 		435775110 bases.
Polymer-trimmed:        	46321 reads (0.90%) 	760846 bases (0.17%)
KTrimmed:               	260331 reads (5.08%) 	11023278 bases (2.53%)
Trimmed by overlap:     	0 reads (0.00%) 	0 bases (0.00%)
Total Removed:          	12053 reads (0.24%) 	11784124 bases (2.70%)
Result:                 	5114713 reads (99.76%) 	423990986 bases (97.30%)

Time:                         	2.620 seconds.
Reads Processed:       5126k 	1956.69k reads/sec
Bases Processed:        435m 	166.32m bases/sec
java -ea -Xmx27320m -Xms27320m --add-modules jdk.incubator.vector -cp /gpfs1/cl/ecogen/pbio6800/GroupProjects/programs/bbmap/current/ jgi.BBDuk in=/gpfs1/cl/ecogen/pbio6800/GroupProjects/picea_rnaseq/fastq_run2/BLANK_ACATTA_R1.fastq.gz out=/gpfs1/cl/ecogen/pbio6800/GroupProjects/picea_rnaseq/cleanreads/BLANK_ACATTA_R1.fastq.gz.clean.fq ref=/gpfs1/cl/ecogen/pbio6800/GroupProjects/programs/bbmap/resources/adapters.fa ktrim=r k=23 mink=11 hdist=1 tpe tbo trimpolya=10
WARNING: Using incubator modules: jdk.incubator.vector
Executing jgi.BBDuk [in=/gpfs1/cl/ecogen/pbio6800/GroupProjects/picea_rnaseq/fastq_run2/BLANK_ACATTA_R1.fastq.gz, out=/gpfs1/cl/ecogen/pbio6800/GroupProjects/picea_rnaseq/cleanreads/BLANK_ACATTA_R1.fastq.gz.clean.fq, ref=/gpfs1/cl/ecogen/pbio6800/GroupProjects/programs/bbmap/resources/adapters.fa, ktrim=r, k=23, mink=11, hdist=1, tpe, tbo, trimpolya=10]
Version 39.46

maskMiddle was disabled because useShortKmers=true
Allocating kmer table: 	0.007 seconds.
Initial:
Memory: max=28655m, total=28655m, free=28595m, used=60m

Added 217135 kmers; time: 	0.069 seconds.
Memory: max=28655m, total=28655m, free=28511m, used=144m

Input is being processed as unpaired
Started output streams:	0.011 seconds.
Processing time:   		0.905 seconds.

Input:                  	113413 reads 		9640105 bases.
Polymer-trimmed:        	3240 reads (2.86%) 	66664 bases (0.69%)
KTrimmed:               	4890 reads (4.31%) 	226829 bases (2.35%)
Trimmed by overlap:     	0 reads (0.00%) 	0 bases (0.00%)
Total Removed:          	659 reads (0.58%) 	293493 bases (3.04%)
Result:                 	112754 reads (99.42%) 	9346612 bases (96.96%)

Time:                         	0.987 seconds.
Reads Processed:        113k 	114.91k reads/sec
Bases Processed:       9640k 	9.77m bases/sec
java -ea -Xmx27320m -Xms27320m --add-modules jdk.incubator.vector -cp /gpfs1/cl/ecogen/pbio6800/GroupProjects/programs/bbmap/current/ jgi.BBDuk in=/gpfs1/cl/ecogen/pbio6800/GroupProjects/picea_rnaseq/fastq_run2/BRU_05_C_0_ACCGTG_R1.fastq.gz out=/gpfs1/cl/ecogen/pbio6800/GroupProjects/picea_rnaseq/cleanreads/BRU_05_C_0_ACCGTG_R1.fastq.gz.clean.fq ref=/gpfs1/cl/ecogen/pbio6800/GroupProjects/programs/bbmap/resources/adapters.fa ktrim=r k=23 mink=11 hdist=1 tpe tbo trimpolya=10
WARNING: Using incubator modules: jdk.incubator.vector
Executing jgi.BBDuk [in=/gpfs1/cl/ecogen/pbio6800/GroupProjects/picea_rnaseq/fastq_run2/BRU_05_C_0_ACCGTG_R1.fastq.gz, out=/gpfs1/cl/ecogen/pbio6800/GroupProjects/picea_rnaseq/cleanreads/BRU_05_C_0_ACCGTG_R1.fastq.gz.clean.fq, ref=/gpfs1/cl/ecogen/pbio6800/GroupProjects/programs/bbmap/resources/adapters.fa, ktrim=r, k=23, mink=11, hdist=1, tpe, tbo, trimpolya=10]
Version 39.46

maskMiddle was disabled because useShortKmers=true
Allocating kmer table: 	0.008 seconds.
Initial:
Memory: max=28655m, total=28655m, free=28595m, used=60m

Added 217135 kmers; time: 	0.077 seconds.
Memory: max=28655m, total=28655m, free=28511m, used=144m

Input is being processed as unpaired
Started output streams:	0.016 seconds.
Processing time:   		2.025 seconds.

Input:                  	3332074 reads 		283226290 bases.
Polymer-trimmed:        	127750 reads (3.83%) 	2199588 bases (0.78%)
KTrimmed:               	722779 reads (21.69%) 	48080156 bases (16.98%)
Trimmed by overlap:     	0 reads (0.00%) 	0 bases (0.00%)
Total Removed:          	380159 reads (11.41%) 	50279744 bases (17.75%)
Result:                 	2951915 reads (88.59%) 	232946546 bases (82.25%)

Time:                         	2.120 seconds.
Reads Processed:       3332k 	1571.79k reads/sec
Bases Processed:        283m 	133.60m bases/sec
java -ea -Xmx27320m -Xms27320m --add-modules jdk.incubator.vector -cp /gpfs1/cl/ecogen/pbio6800/GroupProjects/programs/bbmap/current/ jgi.BBDuk in=/gpfs1/cl/ecogen/pbio6800/GroupProjects/picea_rnaseq/fastq_run2/BRU_05_C_10_GCATGG_R1.fastq.gz out=/gpfs1/cl/ecogen/pbio6800/GroupProjects/picea_rnaseq/cleanreads/BRU_05_C_10_GCATGG_R1.fastq.gz.clean.fq ref=/gpfs1/cl/ecogen/pbio6800/GroupProjects/programs/bbmap/resources/adapters.fa ktrim=r k=23 mink=11 hdist=1 tpe tbo trimpolya=10
WARNING: Using incubator modules: jdk.incubator.vector
Executing jgi.BBDuk [in=/gpfs1/cl/ecogen/pbio6800/GroupProjects/picea_rnaseq/fastq_run2/BRU_05_C_10_GCATGG_R1.fastq.gz, out=/gpfs1/cl/ecogen/pbio6800/GroupProjects/picea_rnaseq/cleanreads/BRU_05_C_10_GCATGG_R1.fastq.gz.clean.fq, ref=/gpfs1/cl/ecogen/pbio6800/GroupProjects/programs/bbmap/resources/adapters.fa, ktrim=r, k=23, mink=11, hdist=1, tpe, tbo, trimpolya=10]
Version 39.46

maskMiddle was disabled because useShortKmers=true
Allocating kmer table: 	0.028 seconds.
Initial:
Memory: max=28655m, total=28655m, free=28595m, used=60m

Added 217135 kmers; time: 	0.083 seconds.
Memory: max=28655m, total=28655m, free=28511m, used=144m

Input is being processed as unpaired
Started output streams:	0.026 seconds.
Processing time:   		2.746 seconds.

Input:                  	5692043 reads 		483823655 bases.
Polymer-trimmed:        	48503 reads (0.85%) 	819901 bases (0.17%)
KTrimmed:               	225249 reads (3.96%) 	9350325 bases (1.93%)
Trimmed by overlap:     	0 reads (0.00%) 	0 bases (0.00%)
Total Removed:          	7076 reads (0.12%) 	10170226 bases (2.10%)
Result:                 	5684967 reads (99.88%) 	473653429 bases (97.90%)

Time:                         	2.857 seconds.
Reads Processed:       5692k 	1992.13k reads/sec
Bases Processed:        483m 	169.33m bases/sec
java -ea -Xmx27320m -Xms27320m --add-modules jdk.incubator.vector -cp /gpfs1/cl/ecogen/pbio6800/GroupProjects/programs/bbmap/current/ jgi.BBDuk in=/gpfs1/cl/ecogen/pbio6800/GroupProjects/picea_rnaseq/fastq_run2/BRU_05_D_H_0_GCGAAT_R1.fastq.gz out=/gpfs1/cl/ecogen/pbio6800/GroupProjects/picea_rnaseq/cleanreads/BRU_05_D_H_0_GCGAAT_R1.fastq.gz.clean.fq ref=/gpfs1/cl/ecogen/pbio6800/GroupProjects/programs/bbmap/resources/adapters.fa ktrim=r k=23 mink=11 hdist=1 tpe tbo trimpolya=10
WARNING: Using incubator modules: jdk.incubator.vector
Executing jgi.BBDuk [in=/gpfs1/cl/ecogen/pbio6800/GroupProjects/picea_rnaseq/fastq_run2/BRU_05_D_H_0_GCGAAT_R1.fastq.gz, out=/gpfs1/cl/ecogen/pbio6800/GroupProjects/picea_rnaseq/cleanreads/BRU_05_D_H_0_GCGAAT_R1.fastq.gz.clean.fq, ref=/gpfs1/cl/ecogen/pbio6800/GroupProjects/programs/bbmap/resources/adapters.fa, ktrim=r, k=23, mink=11, hdist=1, tpe, tbo, trimpolya=10]
Version 39.46

maskMiddle was disabled because useShortKmers=true
Allocating kmer table: 	0.008 seconds.
Initial:
Memory: max=28655m, total=28655m, free=28595m, used=60m

Added 217135 kmers; time: 	0.064 seconds.
Memory: max=28655m, total=28655m, free=28511m, used=144m

Input is being processed as unpaired
Started output streams:	0.015 seconds.
Processing time:   		3.591 seconds.

Input:                  	6003388 reads 		510287980 bases.
Polymer-trimmed:        	254249 reads (4.24%) 	4272806 bases (0.84%)
KTrimmed:               	147888 reads (2.46%) 	5145101 bases (1.01%)
Trimmed by overlap:     	0 reads (0.00%) 	0 bases (0.00%)
Total Removed:          	7290 reads (0.12%) 	9417907 bases (1.85%)
Result:                 	5996098 reads (99.88%) 	500870073 bases (98.15%)

Time:                         	3.672 seconds.
Reads Processed:       6003k 	1635.03k reads/sec
Bases Processed:        510m 	138.98m bases/sec
java -ea -Xmx27320m -Xms27320m --add-modules jdk.incubator.vector -cp /gpfs1/cl/ecogen/pbio6800/GroupProjects/programs/bbmap/current/ jgi.BBDuk in=/gpfs1/cl/ecogen/pbio6800/GroupProjects/picea_rnaseq/fastq_run2/BRU_05_D_H_10_GATTGT_R1.fastq.gz out=/gpfs1/cl/ecogen/pbio6800/GroupProjects/picea_rnaseq/cleanreads/BRU_05_D_H_10_GATTGT_R1.fastq.gz.clean.fq ref=/gpfs1/cl/ecogen/pbio6800/GroupProjects/programs/bbmap/resources/adapters.fa ktrim=r k=23 mink=11 hdist=1 tpe tbo trimpolya=10
WARNING: Using incubator modules: jdk.incubator.vector
Executing jgi.BBDuk [in=/gpfs1/cl/ecogen/pbio6800/GroupProjects/picea_rnaseq/fastq_run2/BRU_05_D_H_10_GATTGT_R1.fastq.gz, out=/gpfs1/cl/ecogen/pbio6800/GroupProjects/picea_rnaseq/cleanreads/BRU_05_D_H_10_GATTGT_R1.fastq.gz.clean.fq, ref=/gpfs1/cl/ecogen/pbio6800/GroupProjects/programs/bbmap/resources/adapters.fa, ktrim=r, k=23, mink=11, hdist=1, tpe, tbo, trimpolya=10]
Version 39.46

maskMiddle was disabled because useShortKmers=true
Allocating kmer table: 	0.007 seconds.
Initial:
Memory: max=28655m, total=28655m, free=28595m, used=60m

Added 217135 kmers; time: 	0.056 seconds.
Memory: max=28655m, total=28655m, free=28511m, used=144m

Input is being processed as unpaired
Started output streams:	0.017 seconds.
Processing time:   		8.215 seconds.

Input:                  	6049822 reads 		514234870 bases.
Polymer-trimmed:        	86318 reads (1.43%) 	1489328 bases (0.29%)
KTrimmed:               	263247 reads (4.35%) 	10786994 bases (2.10%)
Trimmed by overlap:     	0 reads (0.00%) 	0 bases (0.00%)
Total Removed:          	10612 reads (0.18%) 	12276322 bases (2.39%)
Result:                 	6039210 reads (99.82%) 	501958548 bases (97.61%)

Time:                         	8.291 seconds.
Reads Processed:       6049k 	729.72k reads/sec
Bases Processed:        514m 	62.03m bases/sec
java -ea -Xmx27320m -Xms27320m --add-modules jdk.incubator.vector -cp /gpfs1/cl/ecogen/pbio6800/GroupProjects/programs/bbmap/current/ jgi.BBDuk in=/gpfs1/cl/ecogen/pbio6800/GroupProjects/picea_rnaseq/fastq_run2/BRU_05_D_H_5_GGTATA_R1.fastq.gz out=/gpfs1/cl/ecogen/pbio6800/GroupProjects/picea_rnaseq/cleanreads/BRU_05_D_H_5_GGTATA_R1.fastq.gz.clean.fq ref=/gpfs1/cl/ecogen/pbio6800/GroupProjects/programs/bbmap/resources/adapters.fa ktrim=r k=23 mink=11 hdist=1 tpe tbo trimpolya=10
WARNING: Using incubator modules: jdk.incubator.vector
Executing jgi.BBDuk [in=/gpfs1/cl/ecogen/pbio6800/GroupProjects/picea_rnaseq/fastq_run2/BRU_05_D_H_5_GGTATA_R1.fastq.gz, out=/gpfs1/cl/ecogen/pbio6800/GroupProjects/picea_rnaseq/cleanreads/BRU_05_D_H_5_GGTATA_R1.fastq.gz.clean.fq, ref=/gpfs1/cl/ecogen/pbio6800/GroupProjects/programs/bbmap/resources/adapters.fa, ktrim=r, k=23, mink=11, hdist=1, tpe, tbo, trimpolya=10]
Version 39.46

maskMiddle was disabled because useShortKmers=true
Allocating kmer table: 	0.018 seconds.
Initial:
Memory: max=28655m, total=28655m, free=28595m, used=60m

Added 217135 kmers; time: 	0.070 seconds.
Memory: max=28655m, total=28655m, free=28511m, used=144m

Input is being processed as unpaired
Started output streams:	0.015 seconds.
Processing time:   		2.608 seconds.

Input:                  	4913628 reads 		417658380 bases.
Polymer-trimmed:        	23956 reads (0.49%) 	422685 bases (0.10%)
KTrimmed:               	107767 reads (2.19%) 	4397139 bases (1.05%)
Trimmed by overlap:     	0 reads (0.00%) 	0 bases (0.00%)
Total Removed:          	3609 reads (0.07%) 	4819824 bases (1.15%)
Result:                 	4910019 reads (99.93%) 	412838556 bases (98.85%)

Time:                         	2.696 seconds.
Reads Processed:       4913k 	1822.65k reads/sec
Bases Processed:        417m 	154.93m bases/sec
java -ea -Xmx27320m -Xms27320m --add-modules jdk.incubator.vector -cp /gpfs1/cl/ecogen/pbio6800/GroupProjects/programs/bbmap/current/ jgi.BBDuk in=/gpfs1/cl/ecogen/pbio6800/GroupProjects/picea_rnaseq/fastq_run2/BRU_05_H_0_TGGATT_R1.fastq.gz out=/gpfs1/cl/ecogen/pbio6800/GroupProjects/picea_rnaseq/cleanreads/BRU_05_H_0_TGGATT_R1.fastq.gz.clean.fq ref=/gpfs1/cl/ecogen/pbio6800/GroupProjects/programs/bbmap/resources/adapters.fa ktrim=r k=23 mink=11 hdist=1 tpe tbo trimpolya=10
WARNING: Using incubator modules: jdk.incubator.vector
Executing jgi.BBDuk [in=/gpfs1/cl/ecogen/pbio6800/GroupProjects/picea_rnaseq/fastq_run2/BRU_05_H_0_TGGATT_R1.fastq.gz, out=/gpfs1/cl/ecogen/pbio6800/GroupProjects/picea_rnaseq/cleanreads/BRU_05_H_0_TGGATT_R1.fastq.gz.clean.fq, ref=/gpfs1/cl/ecogen/pbio6800/GroupProjects/programs/bbmap/resources/adapters.fa, ktrim=r, k=23, mink=11, hdist=1, tpe, tbo, trimpolya=10]
Version 39.46

maskMiddle was disabled because useShortKmers=true
Allocating kmer table: 	0.018 seconds.
Initial:
Memory: max=28655m, total=28655m, free=28595m, used=60m

Added 217135 kmers; time: 	0.079 seconds.
Memory: max=28655m, total=28655m, free=28511m, used=144m

Input is being processed as unpaired
Started output streams:	0.016 seconds.
Processing time:   		3.331 seconds.

Input:                  	5479364 reads 		465745940 bases.
Polymer-trimmed:        	236114 reads (4.31%) 	4012187 bases (0.86%)
KTrimmed:               	77079 reads (1.41%) 	3009000 bases (0.65%)
Trimmed by overlap:     	0 reads (0.00%) 	0 bases (0.00%)
Total Removed:          	14802 reads (0.27%) 	7021187 bases (1.51%)
Result:                 	5464562 reads (99.73%) 	458724753 bases (98.49%)

Time:                         	3.428 seconds.
Reads Processed:       5479k 	1598.48k reads/sec
Bases Processed:        465m 	135.87m bases/sec
java -ea -Xmx27320m -Xms27320m --add-modules jdk.incubator.vector -cp /gpfs1/cl/ecogen/pbio6800/GroupProjects/programs/bbmap/current/ jgi.BBDuk in=/gpfs1/cl/ecogen/pbio6800/GroupProjects/picea_rnaseq/fastq_run2/BRU_05_H_10_TTCCGC_R1.fastq.gz out=/gpfs1/cl/ecogen/pbio6800/GroupProjects/picea_rnaseq/cleanreads/BRU_05_H_10_TTCCGC_R1.fastq.gz.clean.fq ref=/gpfs1/cl/ecogen/pbio6800/GroupProjects/programs/bbmap/resources/adapters.fa ktrim=r k=23 mink=11 hdist=1 tpe tbo trimpolya=10
WARNING: Using incubator modules: jdk.incubator.vector
Executing jgi.BBDuk [in=/gpfs1/cl/ecogen/pbio6800/GroupProjects/picea_rnaseq/fastq_run2/BRU_05_H_10_TTCCGC_R1.fastq.gz, out=/gpfs1/cl/ecogen/pbio6800/GroupProjects/picea_rnaseq/cleanreads/BRU_05_H_10_TTCCGC_R1.fastq.gz.clean.fq, ref=/gpfs1/cl/ecogen/pbio6800/GroupProjects/programs/bbmap/resources/adapters.fa, ktrim=r, k=23, mink=11, hdist=1, tpe, tbo, trimpolya=10]
Version 39.46

maskMiddle was disabled because useShortKmers=true
Allocating kmer table: 	0.018 seconds.
Initial:
Memory: max=28655m, total=28655m, free=28595m, used=60m

Added 217135 kmers; time: 	0.071 seconds.
Memory: max=28655m, total=28655m, free=28511m, used=144m

Input is being processed as unpaired
Started output streams:	0.017 seconds.
Processing time:   		2.834 seconds.

Input:                  	5537752 reads 		470708920 bases.
Polymer-trimmed:        	173406 reads (3.13%) 	3176390 bases (0.67%)
KTrimmed:               	793885 reads (14.34%) 	47785674 bases (10.15%)
Trimmed by overlap:     	0 reads (0.00%) 	0 bases (0.00%)
Total Removed:          	320423 reads (5.79%) 	50962064 bases (10.83%)
Result:                 	5217329 reads (94.21%) 	419746856 bases (89.17%)

Time:                         	2.924 seconds.
Reads Processed:       5537k 	1894.08k reads/sec
Bases Processed:        470m 	161.00m bases/sec
java -ea -Xmx27320m -Xms27320m --add-modules jdk.incubator.vector -cp /gpfs1/cl/ecogen/pbio6800/GroupProjects/programs/bbmap/current/ jgi.BBDuk in=/gpfs1/cl/ecogen/pbio6800/GroupProjects/picea_rnaseq/fastq_run2/CAM_02_C_0_GGCTGC_R1.fastq.gz out=/gpfs1/cl/ecogen/pbio6800/GroupProjects/picea_rnaseq/cleanreads/CAM_02_C_0_GGCTGC_R1.fastq.gz.clean.fq ref=/gpfs1/cl/ecogen/pbio6800/GroupProjects/programs/bbmap/resources/adapters.fa ktrim=r k=23 mink=11 hdist=1 tpe tbo trimpolya=10
WARNING: Using incubator modules: jdk.incubator.vector
Executing jgi.BBDuk [in=/gpfs1/cl/ecogen/pbio6800/GroupProjects/picea_rnaseq/fastq_run2/CAM_02_C_0_GGCTGC_R1.fastq.gz, out=/gpfs1/cl/ecogen/pbio6800/GroupProjects/picea_rnaseq/cleanreads/CAM_02_C_0_GGCTGC_R1.fastq.gz.clean.fq, ref=/gpfs1/cl/ecogen/pbio6800/GroupProjects/programs/bbmap/resources/adapters.fa, ktrim=r, k=23, mink=11, hdist=1, tpe, tbo, trimpolya=10]
Version 39.46

maskMiddle was disabled because useShortKmers=true
Allocating kmer table: 	0.018 seconds.
Initial:
Memory: max=28655m, total=28655m, free=28595m, used=60m

Added 217135 kmers; time: 	0.072 seconds.
Memory: max=28655m, total=28655m, free=28511m, used=144m

Input is being processed as unpaired
Started output streams:	0.018 seconds.
Processing time:   		2.135 seconds.

Input:                  	3734010 reads 		317390850 bases.
Polymer-trimmed:        	42109 reads (1.13%) 	783302 bases (0.25%)
KTrimmed:               	104242 reads (2.79%) 	4273128 bases (1.35%)
Trimmed by overlap:     	0 reads (0.00%) 	0 bases (0.00%)
Total Removed:          	3628 reads (0.10%) 	5056430 bases (1.59%)
Result:                 	3730382 reads (99.90%) 	312334420 bases (98.41%)

Time:                         	2.226 seconds.
Reads Processed:       3734k 	1677.30k reads/sec
Bases Processed:        317m 	142.57m bases/sec
java -ea -Xmx27320m -Xms27320m --add-modules jdk.incubator.vector -cp /gpfs1/cl/ecogen/pbio6800/GroupProjects/programs/bbmap/current/ jgi.BBDuk in=/gpfs1/cl/ecogen/pbio6800/GroupProjects/picea_rnaseq/fastq_run2/CAM_02_C_10_AACGCC_R1.fastq.gz out=/gpfs1/cl/ecogen/pbio6800/GroupProjects/picea_rnaseq/cleanreads/CAM_02_C_10_AACGCC_R1.fastq.gz.clean.fq ref=/gpfs1/cl/ecogen/pbio6800/GroupProjects/programs/bbmap/resources/adapters.fa ktrim=r k=23 mink=11 hdist=1 tpe tbo trimpolya=10
WARNING: Using incubator modules: jdk.incubator.vector
Executing jgi.BBDuk [in=/gpfs1/cl/ecogen/pbio6800/GroupProjects/picea_rnaseq/fastq_run2/CAM_02_C_10_AACGCC_R1.fastq.gz, out=/gpfs1/cl/ecogen/pbio6800/GroupProjects/picea_rnaseq/cleanreads/CAM_02_C_10_AACGCC_R1.fastq.gz.clean.fq, ref=/gpfs1/cl/ecogen/pbio6800/GroupProjects/programs/bbmap/resources/adapters.fa, ktrim=r, k=23, mink=11, hdist=1, tpe, tbo, trimpolya=10]
Version 39.46

maskMiddle was disabled because useShortKmers=true
Allocating kmer table: 	0.016 seconds.
Initial:
Memory: max=28655m, total=28655m, free=28595m, used=60m

Added 217135 kmers; time: 	0.071 seconds.
Memory: max=28655m, total=28655m, free=28511m, used=144m

Input is being processed as unpaired
Started output streams:	0.015 seconds.
Processing time:   		3.015 seconds.

Input:                  	5051897 reads 		429411245 bases.
Polymer-trimmed:        	43611 reads (0.86%) 	769777 bases (0.18%)
KTrimmed:               	300711 reads (5.95%) 	13151747 bases (3.06%)
Trimmed by overlap:     	0 reads (0.00%) 	0 bases (0.00%)
Total Removed:          	16461 reads (0.33%) 	13921524 bases (3.24%)
Result:                 	5035436 reads (99.67%) 	415489721 bases (96.76%)

Time:                         	3.103 seconds.
Reads Processed:       5051k 	1628.21k reads/sec
Bases Processed:        429m 	138.40m bases/sec
java -ea -Xmx27320m -Xms27320m --add-modules jdk.incubator.vector -cp /gpfs1/cl/ecogen/pbio6800/GroupProjects/programs/bbmap/current/ jgi.BBDuk in=/gpfs1/cl/ecogen/pbio6800/GroupProjects/picea_rnaseq/fastq_run2/CAM_02_C_5_TTAACT_R1.fastq.gz out=/gpfs1/cl/ecogen/pbio6800/GroupProjects/picea_rnaseq/cleanreads/CAM_02_C_5_TTAACT_R1.fastq.gz.clean.fq ref=/gpfs1/cl/ecogen/pbio6800/GroupProjects/programs/bbmap/resources/adapters.fa ktrim=r k=23 mink=11 hdist=1 tpe tbo trimpolya=10
WARNING: Using incubator modules: jdk.incubator.vector
Executing jgi.BBDuk [in=/gpfs1/cl/ecogen/pbio6800/GroupProjects/picea_rnaseq/fastq_run2/CAM_02_C_5_TTAACT_R1.fastq.gz, out=/gpfs1/cl/ecogen/pbio6800/GroupProjects/picea_rnaseq/cleanreads/CAM_02_C_5_TTAACT_R1.fastq.gz.clean.fq, ref=/gpfs1/cl/ecogen/pbio6800/GroupProjects/programs/bbmap/resources/adapters.fa, ktrim=r, k=23, mink=11, hdist=1, tpe, tbo, trimpolya=10]
Version 39.46

maskMiddle was disabled because useShortKmers=true
Allocating kmer table: 	0.015 seconds.
Initial:
Memory: max=28655m, total=28655m, free=28595m, used=60m

Added 217135 kmers; time: 	0.077 seconds.
Memory: max=28655m, total=28655m, free=28511m, used=144m

Input is being processed as unpaired
Started output streams:	0.013 seconds.
Processing time:   		2.414 seconds.

Input:                  	4394926 reads 		373568710 bases.
Polymer-trimmed:        	36006 reads (0.82%) 	667908 bases (0.18%)
KTrimmed:               	129661 reads (2.95%) 	5529530 bases (1.48%)
Trimmed by overlap:     	0 reads (0.00%) 	0 bases (0.00%)
Total Removed:          	6390 reads (0.15%) 	6197438 bases (1.66%)
Result:                 	4388536 reads (99.85%) 	367371272 bases (98.34%)

Time:                         	2.506 seconds.
Reads Processed:       4394k 	1753.71k reads/sec
Bases Processed:        373m 	149.06m bases/sec
java -ea -Xmx27320m -Xms27320m --add-modules jdk.incubator.vector -cp /gpfs1/cl/ecogen/pbio6800/GroupProjects/programs/bbmap/current/ jgi.BBDuk in=/gpfs1/cl/ecogen/pbio6800/GroupProjects/picea_rnaseq/fastq_run2/CAM_02_D_H_0_ATAAGA_R1.fastq.gz out=/gpfs1/cl/ecogen/pbio6800/GroupProjects/picea_rnaseq/cleanreads/CAM_02_D_H_0_ATAAGA_R1.fastq.gz.clean.fq ref=/gpfs1/cl/ecogen/pbio6800/GroupProjects/programs/bbmap/resources/adapters.fa ktrim=r k=23 mink=11 hdist=1 tpe tbo trimpolya=10
WARNING: Using incubator modules: jdk.incubator.vector
Executing jgi.BBDuk [in=/gpfs1/cl/ecogen/pbio6800/GroupProjects/picea_rnaseq/fastq_run2/CAM_02_D_H_0_ATAAGA_R1.fastq.gz, out=/gpfs1/cl/ecogen/pbio6800/GroupProjects/picea_rnaseq/cleanreads/CAM_02_D_H_0_ATAAGA_R1.fastq.gz.clean.fq, ref=/gpfs1/cl/ecogen/pbio6800/GroupProjects/programs/bbmap/resources/adapters.fa, ktrim=r, k=23, mink=11, hdist=1, tpe, tbo, trimpolya=10]
Version 39.46

maskMiddle was disabled because useShortKmers=true
Allocating kmer table: 	0.015 seconds.
Initial:
Memory: max=28655m, total=28655m, free=28595m, used=60m

Added 217135 kmers; time: 	0.077 seconds.
Memory: max=28655m, total=28655m, free=28511m, used=144m

Input is being processed as unpaired
Started output streams:	0.018 seconds.
Processing time:   		4.727 seconds.

Input:                  	5451780 reads 		463401300 bases.
Polymer-trimmed:        	48149 reads (0.88%) 	863301 bases (0.19%)
KTrimmed:               	251956 reads (4.62%) 	11003101 bases (2.37%)
Trimmed by overlap:     	0 reads (0.00%) 	0 bases (0.00%)
Total Removed:          	13326 reads (0.24%) 	11866402 bases (2.56%)
Result:                 	5438454 reads (99.76%) 	451534898 bases (97.44%)

Time:                         	4.823 seconds.
Reads Processed:       5451k 	1130.26k reads/sec
Bases Processed:        463m 	96.07m bases/sec
java -ea -Xmx27320m -Xms27320m --add-modules jdk.incubator.vector -cp /gpfs1/cl/ecogen/pbio6800/GroupProjects/programs/bbmap/current/ jgi.BBDuk in=/gpfs1/cl/ecogen/pbio6800/GroupProjects/picea_rnaseq/fastq_run2/CAM_02_D_H_10_AAGACA_R1.fastq.gz out=/gpfs1/cl/ecogen/pbio6800/GroupProjects/picea_rnaseq/cleanreads/CAM_02_D_H_10_AAGACA_R1.fastq.gz.clean.fq ref=/gpfs1/cl/ecogen/pbio6800/GroupProjects/programs/bbmap/resources/adapters.fa ktrim=r k=23 mink=11 hdist=1 tpe tbo trimpolya=10
WARNING: Using incubator modules: jdk.incubator.vector
Executing jgi.BBDuk [in=/gpfs1/cl/ecogen/pbio6800/GroupProjects/picea_rnaseq/fastq_run2/CAM_02_D_H_10_AAGACA_R1.fastq.gz, out=/gpfs1/cl/ecogen/pbio6800/GroupProjects/picea_rnaseq/cleanreads/CAM_02_D_H_10_AAGACA_R1.fastq.gz.clean.fq, ref=/gpfs1/cl/ecogen/pbio6800/GroupProjects/programs/bbmap/resources/adapters.fa, ktrim=r, k=23, mink=11, hdist=1, tpe, tbo, trimpolya=10]
Version 39.46

maskMiddle was disabled because useShortKmers=true
Allocating kmer table: 	0.016 seconds.
Initial:
Memory: max=28655m, total=28655m, free=28595m, used=60m

Added 217135 kmers; time: 	0.074 seconds.
Memory: max=28655m, total=28655m, free=28511m, used=144m

Input is being processed as unpaired
Started output streams:	0.398 seconds.
Processing time:   		3.174 seconds.

Input:                  	5658552 reads 		480976920 bases.
Polymer-trimmed:        	134419 reads (2.38%) 	2419477 bases (0.50%)
KTrimmed:               	119865 reads (2.12%) 	5061973 bases (1.05%)
Trimmed by overlap:     	0 reads (0.00%) 	0 bases (0.00%)
Total Removed:          	12606 reads (0.22%) 	7481450 bases (1.56%)
Result:                 	5645946 reads (99.78%) 	473495470 bases (98.44%)

Time:                         	3.648 seconds.
Reads Processed:       5658k 	1551.00k reads/sec
Bases Processed:        480m 	131.83m bases/sec
java -ea -Xmx27320m -Xms27320m --add-modules jdk.incubator.vector -cp /gpfs1/cl/ecogen/pbio6800/GroupProjects/programs/bbmap/current/ jgi.BBDuk in=/gpfs1/cl/ecogen/pbio6800/GroupProjects/picea_rnaseq/fastq_run2/CAM_02_H_0_ATTGGT_R1.fastq.gz out=/gpfs1/cl/ecogen/pbio6800/GroupProjects/picea_rnaseq/cleanreads/CAM_02_H_0_ATTGGT_R1.fastq.gz.clean.fq ref=/gpfs1/cl/ecogen/pbio6800/GroupProjects/programs/bbmap/resources/adapters.fa ktrim=r k=23 mink=11 hdist=1 tpe tbo trimpolya=10
WARNING: Using incubator modules: jdk.incubator.vector
Executing jgi.BBDuk [in=/gpfs1/cl/ecogen/pbio6800/GroupProjects/picea_rnaseq/fastq_run2/CAM_02_H_0_ATTGGT_R1.fastq.gz, out=/gpfs1/cl/ecogen/pbio6800/GroupProjects/picea_rnaseq/cleanreads/CAM_02_H_0_ATTGGT_R1.fastq.gz.clean.fq, ref=/gpfs1/cl/ecogen/pbio6800/GroupProjects/programs/bbmap/resources/adapters.fa, ktrim=r, k=23, mink=11, hdist=1, tpe, tbo, trimpolya=10]
Version 39.46

maskMiddle was disabled because useShortKmers=true
Allocating kmer table: 	0.016 seconds.
Initial:
Memory: max=28655m, total=28655m, free=28595m, used=60m

Added 217135 kmers; time: 	0.065 seconds.
Memory: max=28655m, total=28655m, free=28511m, used=144m

Input is being processed as unpaired
Started output streams:	0.034 seconds.
Processing time:   		3.955 seconds.

Input:                  	6945851 reads 		590397335 bases.
Polymer-trimmed:        	19963 reads (0.29%) 	321011 bases (0.05%)
KTrimmed:               	275376 reads (3.96%) 	12750194 bases (2.16%)
Trimmed by overlap:     	0 reads (0.00%) 	0 bases (0.00%)
Total Removed:          	17936 reads (0.26%) 	13071205 bases (2.21%)
Result:                 	6927915 reads (99.74%) 	577326130 bases (97.79%)

Time:                         	4.054 seconds.
Reads Processed:       6945k 	1713.15k reads/sec
Bases Processed:        590m 	145.62m bases/sec
java -ea -Xmx27320m -Xms27320m --add-modules jdk.incubator.vector -cp /gpfs1/cl/ecogen/pbio6800/GroupProjects/programs/bbmap/current/ jgi.BBDuk in=/gpfs1/cl/ecogen/pbio6800/GroupProjects/picea_rnaseq/fastq_run2/CAM_02_H_10_CAAGCA_R1.fastq.gz out=/gpfs1/cl/ecogen/pbio6800/GroupProjects/picea_rnaseq/cleanreads/CAM_02_H_10_CAAGCA_R1.fastq.gz.clean.fq ref=/gpfs1/cl/ecogen/pbio6800/GroupProjects/programs/bbmap/resources/adapters.fa ktrim=r k=23 mink=11 hdist=1 tpe tbo trimpolya=10
WARNING: Using incubator modules: jdk.incubator.vector
Executing jgi.BBDuk [in=/gpfs1/cl/ecogen/pbio6800/GroupProjects/picea_rnaseq/fastq_run2/CAM_02_H_10_CAAGCA_R1.fastq.gz, out=/gpfs1/cl/ecogen/pbio6800/GroupProjects/picea_rnaseq/cleanreads/CAM_02_H_10_CAAGCA_R1.fastq.gz.clean.fq, ref=/gpfs1/cl/ecogen/pbio6800/GroupProjects/programs/bbmap/resources/adapters.fa, ktrim=r, k=23, mink=11, hdist=1, tpe, tbo, trimpolya=10]
Version 39.46

maskMiddle was disabled because useShortKmers=true
Allocating kmer table: 	0.019 seconds.
Initial:
Memory: max=28655m, total=28655m, free=28595m, used=60m

Added 217135 kmers; time: 	0.065 seconds.
Memory: max=28655m, total=28655m, free=28511m, used=144m

Input is being processed as unpaired
Started output streams:	0.018 seconds.
Processing time:   		2.939 seconds.

Input:                  	5321345 reads 		452314325 bases.
Polymer-trimmed:        	96258 reads (1.81%) 	1642720 bases (0.36%)
KTrimmed:               	110922 reads (2.08%) 	4466171 bases (0.99%)
Trimmed by overlap:     	0 reads (0.00%) 	0 bases (0.00%)
Total Removed:          	6080 reads (0.11%) 	6108891 bases (1.35%)
Result:                 	5315265 reads (99.89%) 	446205434 bases (98.65%)

Time:                         	3.023 seconds.
Reads Processed:       5321k 	1760.38k reads/sec
Bases Processed:        452m 	149.63m bases/sec
java -ea -Xmx27320m -Xms27320m --add-modules jdk.incubator.vector -cp /gpfs1/cl/ecogen/pbio6800/GroupProjects/programs/bbmap/current/ jgi.BBDuk in=/gpfs1/cl/ecogen/pbio6800/GroupProjects/picea_rnaseq/fastq_run2/CAM_02_H_5_GGTGAG_R1.fastq.gz out=/gpfs1/cl/ecogen/pbio6800/GroupProjects/picea_rnaseq/cleanreads/CAM_02_H_5_GGTGAG_R1.fastq.gz.clean.fq ref=/gpfs1/cl/ecogen/pbio6800/GroupProjects/programs/bbmap/resources/adapters.fa ktrim=r k=23 mink=11 hdist=1 tpe tbo trimpolya=10
WARNING: Using incubator modules: jdk.incubator.vector
Executing jgi.BBDuk [in=/gpfs1/cl/ecogen/pbio6800/GroupProjects/picea_rnaseq/fastq_run2/CAM_02_H_5_GGTGAG_R1.fastq.gz, out=/gpfs1/cl/ecogen/pbio6800/GroupProjects/picea_rnaseq/cleanreads/CAM_02_H_5_GGTGAG_R1.fastq.gz.clean.fq, ref=/gpfs1/cl/ecogen/pbio6800/GroupProjects/programs/bbmap/resources/adapters.fa, ktrim=r, k=23, mink=11, hdist=1, tpe, tbo, trimpolya=10]
Version 39.46

maskMiddle was disabled because useShortKmers=true
Allocating kmer table: 	0.016 seconds.
Initial:
Memory: max=28655m, total=28655m, free=28595m, used=60m

Added 217135 kmers; time: 	0.068 seconds.
Memory: max=28655m, total=28655m, free=28511m, used=144m

Input is being processed as unpaired
Started output streams:	0.022 seconds.
Processing time:   		4.730 seconds.

Input:                  	6446754 reads 		547974090 bases.
Polymer-trimmed:        	103146 reads (1.60%) 	1861383 bases (0.34%)
KTrimmed:               	288344 reads (4.47%) 	11554216 bases (2.11%)
Trimmed by overlap:     	0 reads (0.00%) 	0 bases (0.00%)
Total Removed:          	8537 reads (0.13%) 	13415599 bases (2.45%)
Result:                 	6438217 reads (99.87%) 	534558491 bases (97.55%)

Time:                         	4.822 seconds.
Reads Processed:       6446k 	1336.93k reads/sec
Bases Processed:        547m 	113.64m bases/sec
java -ea -Xmx27320m -Xms27320m --add-modules jdk.incubator.vector -cp /gpfs1/cl/ecogen/pbio6800/GroupProjects/programs/bbmap/current/ jgi.BBDuk in=/gpfs1/cl/ecogen/pbio6800/GroupProjects/picea_rnaseq/fastq_run2/ESC_01_C_0_CAGATG_R1.fastq.gz out=/gpfs1/cl/ecogen/pbio6800/GroupProjects/picea_rnaseq/cleanreads/ESC_01_C_0_CAGATG_R1.fastq.gz.clean.fq ref=/gpfs1/cl/ecogen/pbio6800/GroupProjects/programs/bbmap/resources/adapters.fa ktrim=r k=23 mink=11 hdist=1 tpe tbo trimpolya=10
WARNING: Using incubator modules: jdk.incubator.vector
Executing jgi.BBDuk [in=/gpfs1/cl/ecogen/pbio6800/GroupProjects/picea_rnaseq/fastq_run2/ESC_01_C_0_CAGATG_R1.fastq.gz, out=/gpfs1/cl/ecogen/pbio6800/GroupProjects/picea_rnaseq/cleanreads/ESC_01_C_0_CAGATG_R1.fastq.gz.clean.fq, ref=/gpfs1/cl/ecogen/pbio6800/GroupProjects/programs/bbmap/resources/adapters.fa, ktrim=r, k=23, mink=11, hdist=1, tpe, tbo, trimpolya=10]
Version 39.46

maskMiddle was disabled because useShortKmers=true
Allocating kmer table: 	0.015 seconds.
Initial:
Memory: max=28655m, total=28655m, free=28595m, used=60m

Added 217135 kmers; time: 	0.068 seconds.
Memory: max=28655m, total=28655m, free=28511m, used=144m

Input is being processed as unpaired
Started output streams:	0.023 seconds.
Processing time:   		2.411 seconds.

Input:                  	5108993 reads 		434264405 bases.
Polymer-trimmed:        	63336 reads (1.24%) 	1036321 bases (0.24%)
KTrimmed:               	358775 reads (7.02%) 	15590326 bases (3.59%)
Trimmed by overlap:     	0 reads (0.00%) 	0 bases (0.00%)
Total Removed:          	17777 reads (0.35%) 	16626647 bases (3.83%)
Result:                 	5091216 reads (99.65%) 	417637758 bases (96.17%)

Time:                         	2.504 seconds.
Reads Processed:       5108k 	2040.19k reads/sec
Bases Processed:        434m 	173.42m bases/sec
java -ea -Xmx27320m -Xms27320m --add-modules jdk.incubator.vector -cp /gpfs1/cl/ecogen/pbio6800/GroupProjects/programs/bbmap/current/ jgi.BBDuk in=/gpfs1/cl/ecogen/pbio6800/GroupProjects/picea_rnaseq/fastq_run2/ESC_01_C_10_ACAACG_R1.fastq.gz out=/gpfs1/cl/ecogen/pbio6800/GroupProjects/picea_rnaseq/cleanreads/ESC_01_C_10_ACAACG_R1.fastq.gz.clean.fq ref=/gpfs1/cl/ecogen/pbio6800/GroupProjects/programs/bbmap/resources/adapters.fa ktrim=r k=23 mink=11 hdist=1 tpe tbo trimpolya=10
WARNING: Using incubator modules: jdk.incubator.vector
Executing jgi.BBDuk [in=/gpfs1/cl/ecogen/pbio6800/GroupProjects/picea_rnaseq/fastq_run2/ESC_01_C_10_ACAACG_R1.fastq.gz, out=/gpfs1/cl/ecogen/pbio6800/GroupProjects/picea_rnaseq/cleanreads/ESC_01_C_10_ACAACG_R1.fastq.gz.clean.fq, ref=/gpfs1/cl/ecogen/pbio6800/GroupProjects/programs/bbmap/resources/adapters.fa, ktrim=r, k=23, mink=11, hdist=1, tpe, tbo, trimpolya=10]
Version 39.46

maskMiddle was disabled because useShortKmers=true
Allocating kmer table: 	0.013 seconds.
Initial:
Memory: max=28655m, total=28655m, free=28595m, used=60m

Added 217135 kmers; time: 	0.077 seconds.
Memory: max=28655m, total=28655m, free=28511m, used=144m

Input is being processed as unpaired
Started output streams:	0.021 seconds.
Processing time:   		2.994 seconds.

Input:                  	5548890 reads 		471655650 bases.
Polymer-trimmed:        	93370 reads (1.68%) 	1703773 bases (0.36%)
KTrimmed:               	164398 reads (2.96%) 	6861816 bases (1.45%)
Trimmed by overlap:     	0 reads (0.00%) 	0 bases (0.00%)
Total Removed:          	7860 reads (0.14%) 	8565589 bases (1.82%)
Result:                 	5541030 reads (99.86%) 	463090061 bases (98.18%)

Time:                         	3.094 seconds.
Reads Processed:       5548k 	1793.24k reads/sec
Bases Processed:        471m 	152.43m bases/sec
java -ea -Xmx27320m -Xms27320m --add-modules jdk.incubator.vector -cp /gpfs1/cl/ecogen/pbio6800/GroupProjects/programs/bbmap/current/ jgi.BBDuk in=/gpfs1/cl/ecogen/pbio6800/GroupProjects/picea_rnaseq/fastq_run2/ESC_01_D_H_0_CGGTTA_R1.fastq.gz out=/gpfs1/cl/ecogen/pbio6800/GroupProjects/picea_rnaseq/cleanreads/ESC_01_D_H_0_CGGTTA_R1.fastq.gz.clean.fq ref=/gpfs1/cl/ecogen/pbio6800/GroupProjects/programs/bbmap/resources/adapters.fa ktrim=r k=23 mink=11 hdist=1 tpe tbo trimpolya=10
WARNING: Using incubator modules: jdk.incubator.vector
Executing jgi.BBDuk [in=/gpfs1/cl/ecogen/pbio6800/GroupProjects/picea_rnaseq/fastq_run2/ESC_01_D_H_0_CGGTTA_R1.fastq.gz, out=/gpfs1/cl/ecogen/pbio6800/GroupProjects/picea_rnaseq/cleanreads/ESC_01_D_H_0_CGGTTA_R1.fastq.gz.clean.fq, ref=/gpfs1/cl/ecogen/pbio6800/GroupProjects/programs/bbmap/resources/adapters.fa, ktrim=r, k=23, mink=11, hdist=1, tpe, tbo, trimpolya=10]
Version 39.46

maskMiddle was disabled because useShortKmers=true
Allocating kmer table: 	0.018 seconds.
Initial:
Memory: max=28655m, total=28655m, free=28595m, used=60m

Added 217135 kmers; time: 	0.073 seconds.
Memory: max=28655m, total=28655m, free=28511m, used=144m

Input is being processed as unpaired
Started output streams:	0.017 seconds.
Processing time:   		2.847 seconds.

Input:                  	5233242 reads 		444825570 bases.
Polymer-trimmed:        	113025 reads (2.16%) 	2090763 bases (0.47%)
KTrimmed:               	199516 reads (3.81%) 	8490452 bases (1.91%)
Trimmed by overlap:     	0 reads (0.00%) 	0 bases (0.00%)
Total Removed:          	12160 reads (0.23%) 	10581215 bases (2.38%)
Result:                 	5221082 reads (99.77%) 	434244355 bases (97.62%)

Time:                         	2.938 seconds.
Reads Processed:       5233k 	1781.01k reads/sec
Bases Processed:        444m 	151.39m bases/sec
java -ea -Xmx27320m -Xms27320m --add-modules jdk.incubator.vector -cp /gpfs1/cl/ecogen/pbio6800/GroupProjects/programs/bbmap/current/ jgi.BBDuk in=/gpfs1/cl/ecogen/pbio6800/GroupProjects/picea_rnaseq/fastq_run2/ESC_01_D_H_10_TACCTT_R1.fastq.gz out=/gpfs1/cl/ecogen/pbio6800/GroupProjects/picea_rnaseq/cleanreads/ESC_01_D_H_10_TACCTT_R1.fastq.gz.clean.fq ref=/gpfs1/cl/ecogen/pbio6800/GroupProjects/programs/bbmap/resources/adapters.fa ktrim=r k=23 mink=11 hdist=1 tpe tbo trimpolya=10
WARNING: Using incubator modules: jdk.incubator.vector
Executing jgi.BBDuk [in=/gpfs1/cl/ecogen/pbio6800/GroupProjects/picea_rnaseq/fastq_run2/ESC_01_D_H_10_TACCTT_R1.fastq.gz, out=/gpfs1/cl/ecogen/pbio6800/GroupProjects/picea_rnaseq/cleanreads/ESC_01_D_H_10_TACCTT_R1.fastq.gz.clean.fq, ref=/gpfs1/cl/ecogen/pbio6800/GroupProjects/programs/bbmap/resources/adapters.fa, ktrim=r, k=23, mink=11, hdist=1, tpe, tbo, trimpolya=10]
Version 39.46

maskMiddle was disabled because useShortKmers=true
Allocating kmer table: 	0.008 seconds.
Initial:
Memory: max=28655m, total=28655m, free=28595m, used=60m

Added 217135 kmers; time: 	0.072 seconds.
Memory: max=28655m, total=28655m, free=28511m, used=144m

Input is being processed as unpaired
Started output streams:	0.014 seconds.
Processing time:   		3.681 seconds.

Input:                  	4062314 reads 		345296690 bases.
Polymer-trimmed:        	43996 reads (1.08%) 	719304 bases (0.21%)
KTrimmed:               	321553 reads (7.92%) 	12976019 bases (3.76%)
Trimmed by overlap:     	0 reads (0.00%) 	0 bases (0.00%)
Total Removed:          	3460 reads (0.09%) 	13695323 bases (3.97%)
Result:                 	4058854 reads (99.91%) 	331601367 bases (96.03%)

Time:                         	3.768 seconds.
Reads Processed:       4062k 	1078.09k reads/sec
Bases Processed:        345m 	91.64m bases/sec
java -ea -Xmx27320m -Xms27320m --add-modules jdk.incubator.vector -cp /gpfs1/cl/ecogen/pbio6800/GroupProjects/programs/bbmap/current/ jgi.BBDuk in=/gpfs1/cl/ecogen/pbio6800/GroupProjects/picea_rnaseq/fastq_run2/ESC_01_D_H_5_GACGAT_R1.fastq.gz out=/gpfs1/cl/ecogen/pbio6800/GroupProjects/picea_rnaseq/cleanreads/ESC_01_D_H_5_GACGAT_R1.fastq.gz.clean.fq ref=/gpfs1/cl/ecogen/pbio6800/GroupProjects/programs/bbmap/resources/adapters.fa ktrim=r k=23 mink=11 hdist=1 tpe tbo trimpolya=10
WARNING: Using incubator modules: jdk.incubator.vector
Executing jgi.BBDuk [in=/gpfs1/cl/ecogen/pbio6800/GroupProjects/picea_rnaseq/fastq_run2/ESC_01_D_H_5_GACGAT_R1.fastq.gz, out=/gpfs1/cl/ecogen/pbio6800/GroupProjects/picea_rnaseq/cleanreads/ESC_01_D_H_5_GACGAT_R1.fastq.gz.clean.fq, ref=/gpfs1/cl/ecogen/pbio6800/GroupProjects/programs/bbmap/resources/adapters.fa, ktrim=r, k=23, mink=11, hdist=1, tpe, tbo, trimpolya=10]
Version 39.46

maskMiddle was disabled because useShortKmers=true
Allocating kmer table: 	0.007 seconds.
Initial:
Memory: max=28655m, total=28655m, free=28595m, used=60m

Added 217135 kmers; time: 	0.075 seconds.
Memory: max=28655m, total=28655m, free=28511m, used=144m

Input is being processed as unpaired
Started output streams:	0.038 seconds.
Processing time:   		2.668 seconds.

Input:                  	5674445 reads 		482327825 bases.
Polymer-trimmed:        	71117 reads (1.25%) 	1248963 bases (0.26%)
KTrimmed:               	225021 reads (3.97%) 	9452031 bases (1.96%)
Trimmed by overlap:     	0 reads (0.00%) 	0 bases (0.00%)
Total Removed:          	11648 reads (0.21%) 	10700994 bases (2.22%)
Result:                 	5662797 reads (99.79%) 	471626831 bases (97.78%)

Time:                         	2.782 seconds.
Reads Processed:       5674k 	2039.74k reads/sec
Bases Processed:        482m 	173.38m bases/sec
java -ea -Xmx27320m -Xms27320m --add-modules jdk.incubator.vector -cp /gpfs1/cl/ecogen/pbio6800/GroupProjects/programs/bbmap/current/ jgi.BBDuk in=/gpfs1/cl/ecogen/pbio6800/GroupProjects/picea_rnaseq/fastq_run2/ESC_01_H_0_TCAGGA_R1.fastq.gz out=/gpfs1/cl/ecogen/pbio6800/GroupProjects/picea_rnaseq/cleanreads/ESC_01_H_0_TCAGGA_R1.fastq.gz.clean.fq ref=/gpfs1/cl/ecogen/pbio6800/GroupProjects/programs/bbmap/resources/adapters.fa ktrim=r k=23 mink=11 hdist=1 tpe tbo trimpolya=10
WARNING: Using incubator modules: jdk.incubator.vector
Executing jgi.BBDuk [in=/gpfs1/cl/ecogen/pbio6800/GroupProjects/picea_rnaseq/fastq_run2/ESC_01_H_0_TCAGGA_R1.fastq.gz, out=/gpfs1/cl/ecogen/pbio6800/GroupProjects/picea_rnaseq/cleanreads/ESC_01_H_0_TCAGGA_R1.fastq.gz.clean.fq, ref=/gpfs1/cl/ecogen/pbio6800/GroupProjects/programs/bbmap/resources/adapters.fa, ktrim=r, k=23, mink=11, hdist=1, tpe, tbo, trimpolya=10]
Version 39.46

maskMiddle was disabled because useShortKmers=true
Allocating kmer table: 	0.009 seconds.
Initial:
Memory: max=28655m, total=28655m, free=28595m, used=60m

Added 217135 kmers; time: 	0.065 seconds.
Memory: max=28655m, total=28655m, free=28511m, used=144m

Input is being processed as unpaired
Started output streams:	0.018 seconds.
Processing time:   		2.609 seconds.

Input:                  	4620320 reads 		392727200 bases.
Polymer-trimmed:        	98986 reads (2.14%) 	1779958 bases (0.45%)
KTrimmed:               	302029 reads (6.54%) 	12745343 bases (3.25%)
Trimmed by overlap:     	0 reads (0.00%) 	0 bases (0.00%)
Total Removed:          	15489 reads (0.34%) 	14525301 bases (3.70%)
Result:                 	4604831 reads (99.66%) 	378201899 bases (96.30%)

Time:                         	2.693 seconds.
Reads Processed:       4620k 	1715.68k reads/sec
Bases Processed:        392m 	145.83m bases/sec
java -ea -Xmx27320m -Xms27320m --add-modules jdk.incubator.vector -cp /gpfs1/cl/ecogen/pbio6800/GroupProjects/programs/bbmap/current/ jgi.BBDuk in=/gpfs1/cl/ecogen/pbio6800/GroupProjects/picea_rnaseq/fastq_run2/ESC_01_H_10_ATGGCG_R1.fastq.gz out=/gpfs1/cl/ecogen/pbio6800/GroupProjects/picea_rnaseq/cleanreads/ESC_01_H_10_ATGGCG_R1.fastq.gz.clean.fq ref=/gpfs1/cl/ecogen/pbio6800/GroupProjects/programs/bbmap/resources/adapters.fa ktrim=r k=23 mink=11 hdist=1 tpe tbo trimpolya=10
WARNING: Using incubator modules: jdk.incubator.vector
Executing jgi.BBDuk [in=/gpfs1/cl/ecogen/pbio6800/GroupProjects/picea_rnaseq/fastq_run2/ESC_01_H_10_ATGGCG_R1.fastq.gz, out=/gpfs1/cl/ecogen/pbio6800/GroupProjects/picea_rnaseq/cleanreads/ESC_01_H_10_ATGGCG_R1.fastq.gz.clean.fq, ref=/gpfs1/cl/ecogen/pbio6800/GroupProjects/programs/bbmap/resources/adapters.fa, ktrim=r, k=23, mink=11, hdist=1, tpe, tbo, trimpolya=10]
Version 39.46

maskMiddle was disabled because useShortKmers=true
Allocating kmer table: 	0.008 seconds.
Initial:
Memory: max=28655m, total=28655m, free=28595m, used=60m

Added 217135 kmers; time: 	0.067 seconds.
Memory: max=28655m, total=28655m, free=28511m, used=144m

Input is being processed as unpaired
Started output streams:	0.016 seconds.
Processing time:   		3.120 seconds.

Input:                  	5541050 reads 		470989250 bases.
Polymer-trimmed:        	123963 reads (2.24%) 	2162289 bases (0.46%)
KTrimmed:               	141091 reads (2.55%) 	5664051 bases (1.20%)
Trimmed by overlap:     	0 reads (0.00%) 	0 bases (0.00%)
Total Removed:          	8411 reads (0.15%) 	7826340 bases (1.66%)
Result:                 	5532639 reads (99.85%) 	463162910 bases (98.34%)

Time:                         	3.205 seconds.
Reads Processed:       5541k 	1729.06k reads/sec
Bases Processed:        470m 	146.97m bases/sec
java -ea -Xmx27320m -Xms27320m --add-modules jdk.incubator.vector -cp /gpfs1/cl/ecogen/pbio6800/GroupProjects/programs/bbmap/current/ jgi.BBDuk in=/gpfs1/cl/ecogen/pbio6800/GroupProjects/picea_rnaseq/fastq_run2/JAY_02_C_0_ACCTAC_R1.fastq.gz out=/gpfs1/cl/ecogen/pbio6800/GroupProjects/picea_rnaseq/cleanreads/JAY_02_C_0_ACCTAC_R1.fastq.gz.clean.fq ref=/gpfs1/cl/ecogen/pbio6800/GroupProjects/programs/bbmap/resources/adapters.fa ktrim=r k=23 mink=11 hdist=1 tpe tbo trimpolya=10
WARNING: Using incubator modules: jdk.incubator.vector
Executing jgi.BBDuk [in=/gpfs1/cl/ecogen/pbio6800/GroupProjects/picea_rnaseq/fastq_run2/JAY_02_C_0_ACCTAC_R1.fastq.gz, out=/gpfs1/cl/ecogen/pbio6800/GroupProjects/picea_rnaseq/cleanreads/JAY_02_C_0_ACCTAC_R1.fastq.gz.clean.fq, ref=/gpfs1/cl/ecogen/pbio6800/GroupProjects/programs/bbmap/resources/adapters.fa, ktrim=r, k=23, mink=11, hdist=1, tpe, tbo, trimpolya=10]
Version 39.46

maskMiddle was disabled because useShortKmers=true
Allocating kmer table: 	0.009 seconds.
Initial:
Memory: max=28655m, total=28655m, free=28595m, used=60m

Added 217135 kmers; time: 	0.063 seconds.
Memory: max=28655m, total=28655m, free=28511m, used=144m

Input is being processed as unpaired
Started output streams:	0.017 seconds.
Processing time:   		3.271 seconds.

Input:                  	4790783 reads 		407216555 bases.
Polymer-trimmed:        	78866 reads (1.65%) 	1524848 bases (0.37%)
KTrimmed:               	133666 reads (2.79%) 	5496410 bases (1.35%)
Trimmed by overlap:     	0 reads (0.00%) 	0 bases (0.00%)
Total Removed:          	5312 reads (0.11%) 	7021258 bases (1.72%)
Result:                 	4785471 reads (99.89%) 	400195297 bases (98.28%)

Time:                         	3.352 seconds.
Reads Processed:       4790k 	1429.11k reads/sec
Bases Processed:        407m 	121.47m bases/sec
java -ea -Xmx27320m -Xms27320m --add-modules jdk.incubator.vector -cp /gpfs1/cl/ecogen/pbio6800/GroupProjects/programs/bbmap/current/ jgi.BBDuk in=/gpfs1/cl/ecogen/pbio6800/GroupProjects/picea_rnaseq/fastq_run2/JAY_02_C_10_TATGTC_R1.fastq.gz out=/gpfs1/cl/ecogen/pbio6800/GroupProjects/picea_rnaseq/cleanreads/JAY_02_C_10_TATGTC_R1.fastq.gz.clean.fq ref=/gpfs1/cl/ecogen/pbio6800/GroupProjects/programs/bbmap/resources/adapters.fa ktrim=r k=23 mink=11 hdist=1 tpe tbo trimpolya=10
WARNING: Using incubator modules: jdk.incubator.vector
Executing jgi.BBDuk [in=/gpfs1/cl/ecogen/pbio6800/GroupProjects/picea_rnaseq/fastq_run2/JAY_02_C_10_TATGTC_R1.fastq.gz, out=/gpfs1/cl/ecogen/pbio6800/GroupProjects/picea_rnaseq/cleanreads/JAY_02_C_10_TATGTC_R1.fastq.gz.clean.fq, ref=/gpfs1/cl/ecogen/pbio6800/GroupProjects/programs/bbmap/resources/adapters.fa, ktrim=r, k=23, mink=11, hdist=1, tpe, tbo, trimpolya=10]
Version 39.46

maskMiddle was disabled because useShortKmers=true
Allocating kmer table: 	0.008 seconds.
Initial:
Memory: max=28655m, total=28655m, free=28595m, used=60m

Added 217135 kmers; time: 	0.055 seconds.
Memory: max=28655m, total=28655m, free=28511m, used=144m

Input is being processed as unpaired
Started output streams:	0.381 seconds.
Processing time:   		1.691 seconds.

Input:                  	3171798 reads 		269602830 bases.
Polymer-trimmed:        	18152 reads (0.57%) 	341648 bases (0.13%)
KTrimmed:               	83713 reads (2.64%) 	3466636 bases (1.29%)
Trimmed by overlap:     	0 reads (0.00%) 	0 bases (0.00%)
Total Removed:          	2871 reads (0.09%) 	3808284 bases (1.41%)
Result:                 	3168927 reads (99.91%) 	265794546 bases (98.59%)

Time:                         	2.129 seconds.
Reads Processed:       3171k 	1490.09k reads/sec
Bases Processed:        269m 	126.66m bases/sec
java -ea -Xmx27320m -Xms27320m --add-modules jdk.incubator.vector -cp /gpfs1/cl/ecogen/pbio6800/GroupProjects/programs/bbmap/current/ jgi.BBDuk in=/gpfs1/cl/ecogen/pbio6800/GroupProjects/picea_rnaseq/fastq_run2/JAY_02_D_H_0_CCAATT_R1.fastq.gz out=/gpfs1/cl/ecogen/pbio6800/GroupProjects/picea_rnaseq/cleanreads/JAY_02_D_H_0_CCAATT_R1.fastq.gz.clean.fq ref=/gpfs1/cl/ecogen/pbio6800/GroupProjects/programs/bbmap/resources/adapters.fa ktrim=r k=23 mink=11 hdist=1 tpe tbo trimpolya=10
WARNING: Using incubator modules: jdk.incubator.vector
Executing jgi.BBDuk [in=/gpfs1/cl/ecogen/pbio6800/GroupProjects/picea_rnaseq/fastq_run2/JAY_02_D_H_0_CCAATT_R1.fastq.gz, out=/gpfs1/cl/ecogen/pbio6800/GroupProjects/picea_rnaseq/cleanreads/JAY_02_D_H_0_CCAATT_R1.fastq.gz.clean.fq, ref=/gpfs1/cl/ecogen/pbio6800/GroupProjects/programs/bbmap/resources/adapters.fa, ktrim=r, k=23, mink=11, hdist=1, tpe, tbo, trimpolya=10]
Version 39.46

maskMiddle was disabled because useShortKmers=true
Allocating kmer table: 	0.019 seconds.
Initial:
Memory: max=28655m, total=28655m, free=28595m, used=60m

Added 217135 kmers; time: 	0.062 seconds.
Memory: max=28655m, total=28655m, free=28511m, used=144m

Input is being processed as unpaired
Started output streams:	0.014 seconds.
Processing time:   		2.764 seconds.

Input:                  	5260967 reads 		447182195 bases.
Polymer-trimmed:        	31300 reads (0.59%) 	525083 bases (0.12%)
KTrimmed:               	276101 reads (5.25%) 	11691460 bases (2.61%)
Trimmed by overlap:     	0 reads (0.00%) 	0 bases (0.00%)
Total Removed:          	7520 reads (0.14%) 	12216543 bases (2.73%)
Result:                 	5253447 reads (99.86%) 	434965652 bases (97.27%)

Time:                         	2.841 seconds.
Reads Processed:       5260k 	1851.55k reads/sec
Bases Processed:        447m 	157.38m bases/sec
java -ea -Xmx27320m -Xms27320m --add-modules jdk.incubator.vector -cp /gpfs1/cl/ecogen/pbio6800/GroupProjects/programs/bbmap/current/ jgi.BBDuk in=/gpfs1/cl/ecogen/pbio6800/GroupProjects/picea_rnaseq/fastq_run2/JAY_02_D_H_10_CGCCTG_R1.fastq.gz out=/gpfs1/cl/ecogen/pbio6800/GroupProjects/picea_rnaseq/cleanreads/JAY_02_D_H_10_CGCCTG_R1.fastq.gz.clean.fq ref=/gpfs1/cl/ecogen/pbio6800/GroupProjects/programs/bbmap/resources/adapters.fa ktrim=r k=23 mink=11 hdist=1 tpe tbo trimpolya=10
WARNING: Using incubator modules: jdk.incubator.vector
Executing jgi.BBDuk [in=/gpfs1/cl/ecogen/pbio6800/GroupProjects/picea_rnaseq/fastq_run2/JAY_02_D_H_10_CGCCTG_R1.fastq.gz, out=/gpfs1/cl/ecogen/pbio6800/GroupProjects/picea_rnaseq/cleanreads/JAY_02_D_H_10_CGCCTG_R1.fastq.gz.clean.fq, ref=/gpfs1/cl/ecogen/pbio6800/GroupProjects/programs/bbmap/resources/adapters.fa, ktrim=r, k=23, mink=11, hdist=1, tpe, tbo, trimpolya=10]
Version 39.46

maskMiddle was disabled because useShortKmers=true
Allocating kmer table: 	0.015 seconds.
Initial:
Memory: max=28655m, total=28655m, free=28595m, used=60m

Added 217135 kmers; time: 	0.069 seconds.
Memory: max=28655m, total=28655m, free=28511m, used=144m

Input is being processed as unpaired
Started output streams:	0.014 seconds.
Processing time:   		2.362 seconds.

Input:                  	4461636 reads 		379239060 bases.
Polymer-trimmed:        	26390 reads (0.59%) 	451260 bases (0.12%)
KTrimmed:               	368238 reads (8.25%) 	14687498 bases (3.87%)
Trimmed by overlap:     	0 reads (0.00%) 	0 bases (0.00%)
Total Removed:          	6414 reads (0.14%) 	15138758 bases (3.99%)
Result:                 	4455222 reads (99.86%) 	364100302 bases (96.01%)

Time:                         	2.447 seconds.
Reads Processed:       4461k 	1823.33k reads/sec
Bases Processed:        379m 	154.98m bases/sec
java -ea -Xmx27320m -Xms27320m --add-modules jdk.incubator.vector -cp /gpfs1/cl/ecogen/pbio6800/GroupProjects/programs/bbmap/current/ jgi.BBDuk in=/gpfs1/cl/ecogen/pbio6800/GroupProjects/picea_rnaseq/fastq_run2/JAY_02_H_0_AACCGA_R1.fastq.gz out=/gpfs1/cl/ecogen/pbio6800/GroupProjects/picea_rnaseq/cleanreads/JAY_02_H_0_AACCGA_R1.fastq.gz.clean.fq ref=/gpfs1/cl/ecogen/pbio6800/GroupProjects/programs/bbmap/resources/adapters.fa ktrim=r k=23 mink=11 hdist=1 tpe tbo trimpolya=10
WARNING: Using incubator modules: jdk.incubator.vector
Executing jgi.BBDuk [in=/gpfs1/cl/ecogen/pbio6800/GroupProjects/picea_rnaseq/fastq_run2/JAY_02_H_0_AACCGA_R1.fastq.gz, out=/gpfs1/cl/ecogen/pbio6800/GroupProjects/picea_rnaseq/cleanreads/JAY_02_H_0_AACCGA_R1.fastq.gz.clean.fq, ref=/gpfs1/cl/ecogen/pbio6800/GroupProjects/programs/bbmap/resources/adapters.fa, ktrim=r, k=23, mink=11, hdist=1, tpe, tbo, trimpolya=10]
Version 39.46

maskMiddle was disabled because useShortKmers=true
Allocating kmer table: 	0.012 seconds.
Initial:
Memory: max=28655m, total=28655m, free=28595m, used=60m

Added 217135 kmers; time: 	0.064 seconds.
Memory: max=28655m, total=28655m, free=28511m, used=144m

Input is being processed as unpaired
Started output streams:	0.021 seconds.
Processing time:   		2.488 seconds.

Input:                  	4921979 reads 		418368215 bases.
Polymer-trimmed:        	39934 reads (0.81%) 	676057 bases (0.16%)
KTrimmed:               	234572 reads (4.77%) 	9902462 bases (2.37%)
Trimmed by overlap:     	0 reads (0.00%) 	0 bases (0.00%)
Total Removed:          	9000 reads (0.18%) 	10578519 bases (2.53%)
Result:                 	4912979 reads (99.82%) 	407789696 bases (97.47%)

Time:                         	2.575 seconds.
Reads Processed:       4921k 	1911.79k reads/sec
Bases Processed:        418m 	162.50m bases/sec
java -ea -Xmx27320m -Xms27320m --add-modules jdk.incubator.vector -cp /gpfs1/cl/ecogen/pbio6800/GroupProjects/programs/bbmap/current/ jgi.BBDuk in=/gpfs1/cl/ecogen/pbio6800/GroupProjects/picea_rnaseq/fastq_run2/JAY_02_H_10_CGATCT_R1.fastq.gz out=/gpfs1/cl/ecogen/pbio6800/GroupProjects/picea_rnaseq/cleanreads/JAY_02_H_10_CGATCT_R1.fastq.gz.clean.fq ref=/gpfs1/cl/ecogen/pbio6800/GroupProjects/programs/bbmap/resources/adapters.fa ktrim=r k=23 mink=11 hdist=1 tpe tbo trimpolya=10
WARNING: Using incubator modules: jdk.incubator.vector
Executing jgi.BBDuk [in=/gpfs1/cl/ecogen/pbio6800/GroupProjects/picea_rnaseq/fastq_run2/JAY_02_H_10_CGATCT_R1.fastq.gz, out=/gpfs1/cl/ecogen/pbio6800/GroupProjects/picea_rnaseq/cleanreads/JAY_02_H_10_CGATCT_R1.fastq.gz.clean.fq, ref=/gpfs1/cl/ecogen/pbio6800/GroupProjects/programs/bbmap/resources/adapters.fa, ktrim=r, k=23, mink=11, hdist=1, tpe, tbo, trimpolya=10]
Version 39.46

maskMiddle was disabled because useShortKmers=true
Allocating kmer table: 	0.009 seconds.
Initial:
Memory: max=28655m, total=28655m, free=28595m, used=60m

Added 217135 kmers; time: 	0.062 seconds.
Memory: max=28655m, total=28655m, free=28511m, used=144m

Input is being processed as unpaired
Started output streams:	0.018 seconds.
Processing time:   		2.694 seconds.

Input:                  	6013859 reads 		511178015 bases.
Polymer-trimmed:        	89880 reads (1.49%) 	1578403 bases (0.31%)
KTrimmed:               	450316 reads (7.49%) 	21506185 bases (4.21%)
Trimmed by overlap:     	0 reads (0.00%) 	0 bases (0.00%)
Total Removed:          	44817 reads (0.75%) 	23084588 bases (4.52%)
Result:                 	5969042 reads (99.25%) 	488093427 bases (95.48%)

Time:                         	2.776 seconds.
Reads Processed:       6013k 	2166.37k reads/sec
Bases Processed:        511m 	184.14m bases/sec
java -ea -Xmx27320m -Xms27320m --add-modules jdk.incubator.vector -cp /gpfs1/cl/ecogen/pbio6800/GroupProjects/programs/bbmap/current/ jgi.BBDuk in=/gpfs1/cl/ecogen/pbio6800/GroupProjects/picea_rnaseq/fastq_run2/JAY_02_H_5_ATGAAC_R1.fastq.gz out=/gpfs1/cl/ecogen/pbio6800/GroupProjects/picea_rnaseq/cleanreads/JAY_02_H_5_ATGAAC_R1.fastq.gz.clean.fq ref=/gpfs1/cl/ecogen/pbio6800/GroupProjects/programs/bbmap/resources/adapters.fa ktrim=r k=23 mink=11 hdist=1 tpe tbo trimpolya=10
WARNING: Using incubator modules: jdk.incubator.vector
Executing jgi.BBDuk [in=/gpfs1/cl/ecogen/pbio6800/GroupProjects/picea_rnaseq/fastq_run2/JAY_02_H_5_ATGAAC_R1.fastq.gz, out=/gpfs1/cl/ecogen/pbio6800/GroupProjects/picea_rnaseq/cleanreads/JAY_02_H_5_ATGAAC_R1.fastq.gz.clean.fq, ref=/gpfs1/cl/ecogen/pbio6800/GroupProjects/programs/bbmap/resources/adapters.fa, ktrim=r, k=23, mink=11, hdist=1, tpe, tbo, trimpolya=10]
Version 39.46

maskMiddle was disabled because useShortKmers=true
Allocating kmer table: 	0.008 seconds.
Initial:
Memory: max=28655m, total=28655m, free=28595m, used=60m

Added 217135 kmers; time: 	0.058 seconds.
Memory: max=28655m, total=28655m, free=28511m, used=144m

Input is being processed as unpaired
Started output streams:	0.017 seconds.
Processing time:   		3.728 seconds.

Input:                  	3700922 reads 		314578370 bases.
Polymer-trimmed:        	16962 reads (0.46%) 	310088 bases (0.10%)
KTrimmed:               	126724 reads (3.42%) 	5123225 bases (1.63%)
Trimmed by overlap:     	0 reads (0.00%) 	0 bases (0.00%)
Total Removed:          	3635 reads (0.10%) 	5433313 bases (1.73%)
Result:                 	3697287 reads (99.90%) 	309145057 bases (98.27%)

Time:                         	3.804 seconds.
Reads Processed:       3700k 	972.80k reads/sec
Bases Processed:        314m 	82.69m bases/sec
java -ea -Xmx27320m -Xms27320m --add-modules jdk.incubator.vector -cp /gpfs1/cl/ecogen/pbio6800/GroupProjects/programs/bbmap/current/ jgi.BBDuk in=/gpfs1/cl/ecogen/pbio6800/GroupProjects/picea_rnaseq/fastq_run2/KAN_04_C_0_CACACT_R1.fastq.gz out=/gpfs1/cl/ecogen/pbio6800/GroupProjects/picea_rnaseq/cleanreads/KAN_04_C_0_CACACT_R1.fastq.gz.clean.fq ref=/gpfs1/cl/ecogen/pbio6800/GroupProjects/programs/bbmap/resources/adapters.fa ktrim=r k=23 mink=11 hdist=1 tpe tbo trimpolya=10
WARNING: Using incubator modules: jdk.incubator.vector
Executing jgi.BBDuk [in=/gpfs1/cl/ecogen/pbio6800/GroupProjects/picea_rnaseq/fastq_run2/KAN_04_C_0_CACACT_R1.fastq.gz, out=/gpfs1/cl/ecogen/pbio6800/GroupProjects/picea_rnaseq/cleanreads/KAN_04_C_0_CACACT_R1.fastq.gz.clean.fq, ref=/gpfs1/cl/ecogen/pbio6800/GroupProjects/programs/bbmap/resources/adapters.fa, ktrim=r, k=23, mink=11, hdist=1, tpe, tbo, trimpolya=10]
Version 39.46

maskMiddle was disabled because useShortKmers=true
Allocating kmer table: 	0.009 seconds.
Initial:
Memory: max=28655m, total=28655m, free=28595m, used=60m

Added 217135 kmers; time: 	0.071 seconds.
Memory: max=28655m, total=28655m, free=28511m, used=144m

Input is being processed as unpaired
Started output streams:	0.018 seconds.
Processing time:   		2.648 seconds.

Input:                  	5293977 reads 		449988045 bases.
Polymer-trimmed:        	44365 reads (0.84%) 	797849 bases (0.18%)
KTrimmed:               	224242 reads (4.24%) 	9366779 bases (2.08%)
Trimmed by overlap:     	0 reads (0.00%) 	0 bases (0.00%)
Total Removed:          	10701 reads (0.20%) 	10164628 bases (2.26%)
Result:                 	5283276 reads (99.80%) 	439823417 bases (97.74%)

Time:                         	2.739 seconds.
Reads Processed:       5293k 	1932.89k reads/sec
Bases Processed:        449m 	164.30m bases/sec
java -ea -Xmx27320m -Xms27320m --add-modules jdk.incubator.vector -cp /gpfs1/cl/ecogen/pbio6800/GroupProjects/programs/bbmap/current/ jgi.BBDuk in=/gpfs1/cl/ecogen/pbio6800/GroupProjects/picea_rnaseq/fastq_run2/KAN_04_C_10_CGTCGC_R1.fastq.gz out=/gpfs1/cl/ecogen/pbio6800/GroupProjects/picea_rnaseq/cleanreads/KAN_04_C_10_CGTCGC_R1.fastq.gz.clean.fq ref=/gpfs1/cl/ecogen/pbio6800/GroupProjects/programs/bbmap/resources/adapters.fa ktrim=r k=23 mink=11 hdist=1 tpe tbo trimpolya=10
WARNING: Using incubator modules: jdk.incubator.vector
Executing jgi.BBDuk [in=/gpfs1/cl/ecogen/pbio6800/GroupProjects/picea_rnaseq/fastq_run2/KAN_04_C_10_CGTCGC_R1.fastq.gz, out=/gpfs1/cl/ecogen/pbio6800/GroupProjects/picea_rnaseq/cleanreads/KAN_04_C_10_CGTCGC_R1.fastq.gz.clean.fq, ref=/gpfs1/cl/ecogen/pbio6800/GroupProjects/programs/bbmap/resources/adapters.fa, ktrim=r, k=23, mink=11, hdist=1, tpe, tbo, trimpolya=10]
Version 39.46

maskMiddle was disabled because useShortKmers=true
Allocating kmer table: 	0.016 seconds.
Initial:
Memory: max=28655m, total=28655m, free=28595m, used=60m

Added 217135 kmers; time: 	0.061 seconds.
Memory: max=28655m, total=28655m, free=28511m, used=144m

Input is being processed as unpaired
Started output streams:	0.016 seconds.
Processing time:   		3.546 seconds.

Input:                  	5005431 reads 		425461635 bases.
Polymer-trimmed:        	78769 reads (1.57%) 	1359334 bases (0.32%)
KTrimmed:               	143662 reads (2.87%) 	6635303 bases (1.56%)
Trimmed by overlap:     	0 reads (0.00%) 	0 bases (0.00%)
Total Removed:          	15530 reads (0.31%) 	7994637 bases (1.88%)
Result:                 	4989901 reads (99.69%) 	417466998 bases (98.12%)

Time:                         	3.625 seconds.
Reads Processed:       5005k 	1380.80k reads/sec
Bases Processed:        425m 	117.37m bases/sec
java -ea -Xmx27320m -Xms27320m --add-modules jdk.incubator.vector -cp /gpfs1/cl/ecogen/pbio6800/GroupProjects/programs/bbmap/current/ jgi.BBDuk in=/gpfs1/cl/ecogen/pbio6800/GroupProjects/picea_rnaseq/fastq_run2/KAN_04_D_H_0_CAATGC_R1.fastq.gz out=/gpfs1/cl/ecogen/pbio6800/GroupProjects/picea_rnaseq/cleanreads/KAN_04_D_H_0_CAATGC_R1.fastq.gz.clean.fq ref=/gpfs1/cl/ecogen/pbio6800/GroupProjects/programs/bbmap/resources/adapters.fa ktrim=r k=23 mink=11 hdist=1 tpe tbo trimpolya=10
WARNING: Using incubator modules: jdk.incubator.vector
Executing jgi.BBDuk [in=/gpfs1/cl/ecogen/pbio6800/GroupProjects/picea_rnaseq/fastq_run2/KAN_04_D_H_0_CAATGC_R1.fastq.gz, out=/gpfs1/cl/ecogen/pbio6800/GroupProjects/picea_rnaseq/cleanreads/KAN_04_D_H_0_CAATGC_R1.fastq.gz.clean.fq, ref=/gpfs1/cl/ecogen/pbio6800/GroupProjects/programs/bbmap/resources/adapters.fa, ktrim=r, k=23, mink=11, hdist=1, tpe, tbo, trimpolya=10]
Version 39.46

maskMiddle was disabled because useShortKmers=true
Allocating kmer table: 	0.015 seconds.
Initial:
Memory: max=28655m, total=28655m, free=28595m, used=60m

Added 217135 kmers; time: 	0.073 seconds.
Memory: max=28655m, total=28655m, free=28511m, used=144m

Input is being processed as unpaired
Started output streams:	0.015 seconds.
Processing time:   		2.565 seconds.

Input:                  	4598443 reads 		390867655 bases.
Polymer-trimmed:        	31482 reads (0.68%) 	584055 bases (0.15%)
KTrimmed:               	164679 reads (3.58%) 	6687174 bases (1.71%)
Trimmed by overlap:     	0 reads (0.00%) 	0 bases (0.00%)
Total Removed:          	2925 reads (0.06%) 	7271229 bases (1.86%)
Result:                 	4595518 reads (99.94%) 	383596426 bases (98.14%)

Time:                         	2.654 seconds.
Reads Processed:       4598k 	1732.35k reads/sec
Bases Processed:        390m 	147.25m bases/sec
java -ea -Xmx27320m -Xms27320m --add-modules jdk.incubator.vector -cp /gpfs1/cl/ecogen/pbio6800/GroupProjects/programs/bbmap/current/ jgi.BBDuk in=/gpfs1/cl/ecogen/pbio6800/GroupProjects/picea_rnaseq/fastq_run2/KAN_04_D_H_10_TGACAC_R1.fastq.gz out=/gpfs1/cl/ecogen/pbio6800/GroupProjects/picea_rnaseq/cleanreads/KAN_04_D_H_10_TGACAC_R1.fastq.gz.clean.fq ref=/gpfs1/cl/ecogen/pbio6800/GroupProjects/programs/bbmap/resources/adapters.fa ktrim=r k=23 mink=11 hdist=1 tpe tbo trimpolya=10
WARNING: Using incubator modules: jdk.incubator.vector
Executing jgi.BBDuk [in=/gpfs1/cl/ecogen/pbio6800/GroupProjects/picea_rnaseq/fastq_run2/KAN_04_D_H_10_TGACAC_R1.fastq.gz, out=/gpfs1/cl/ecogen/pbio6800/GroupProjects/picea_rnaseq/cleanreads/KAN_04_D_H_10_TGACAC_R1.fastq.gz.clean.fq, ref=/gpfs1/cl/ecogen/pbio6800/GroupProjects/programs/bbmap/resources/adapters.fa, ktrim=r, k=23, mink=11, hdist=1, tpe, tbo, trimpolya=10]
Version 39.46

maskMiddle was disabled because useShortKmers=true
Allocating kmer table: 	0.016 seconds.
Initial:
Memory: max=28655m, total=28655m, free=28595m, used=60m

Added 217135 kmers; time: 	0.072 seconds.
Memory: max=28655m, total=28655m, free=28511m, used=144m

Input is being processed as unpaired
Started output streams:	0.020 seconds.
Processing time:   		3.231 seconds.

Input:                  	5357229 reads 		455364465 bases.
Polymer-trimmed:        	55934 reads (1.04%) 	969589 bases (0.21%)
KTrimmed:               	212429 reads (3.97%) 	9054458 bases (1.99%)
Trimmed by overlap:     	0 reads (0.00%) 	0 bases (0.00%)
Total Removed:          	11978 reads (0.22%) 	10024047 bases (2.20%)
Result:                 	5345251 reads (99.78%) 	445340418 bases (97.80%)

Time:                         	3.325 seconds.
Reads Processed:       5357k 	1611.14k reads/sec
Bases Processed:        455m 	136.95m bases/sec
java -ea -Xmx27320m -Xms27320m --add-modules jdk.incubator.vector -cp /gpfs1/cl/ecogen/pbio6800/GroupProjects/programs/bbmap/current/ jgi.BBDuk in=/gpfs1/cl/ecogen/pbio6800/GroupProjects/picea_rnaseq/fastq_run2/KAN_04_H_0_CTCCAT_R1.fastq.gz out=/gpfs1/cl/ecogen/pbio6800/GroupProjects/picea_rnaseq/cleanreads/KAN_04_H_0_CTCCAT_R1.fastq.gz.clean.fq ref=/gpfs1/cl/ecogen/pbio6800/GroupProjects/programs/bbmap/resources/adapters.fa ktrim=r k=23 mink=11 hdist=1 tpe tbo trimpolya=10
WARNING: Using incubator modules: jdk.incubator.vector
Executing jgi.BBDuk [in=/gpfs1/cl/ecogen/pbio6800/GroupProjects/picea_rnaseq/fastq_run2/KAN_04_H_0_CTCCAT_R1.fastq.gz, out=/gpfs1/cl/ecogen/pbio6800/GroupProjects/picea_rnaseq/cleanreads/KAN_04_H_0_CTCCAT_R1.fastq.gz.clean.fq, ref=/gpfs1/cl/ecogen/pbio6800/GroupProjects/programs/bbmap/resources/adapters.fa, ktrim=r, k=23, mink=11, hdist=1, tpe, tbo, trimpolya=10]
Version 39.46

maskMiddle was disabled because useShortKmers=true
Allocating kmer table: 	0.014 seconds.
Initial:
Memory: max=28655m, total=28655m, free=28595m, used=60m

Added 217135 kmers; time: 	0.070 seconds.
Memory: max=28655m, total=28655m, free=28511m, used=144m

Input is being processed as unpaired
Started output streams:	0.015 seconds.
Processing time:   		3.038 seconds.

Input:                  	5646849 reads 		479982165 bases.
Polymer-trimmed:        	81835 reads (1.45%) 	1618690 bases (0.34%)
KTrimmed:               	227938 reads (4.04%) 	9204998 bases (1.92%)
Trimmed by overlap:     	0 reads (0.00%) 	0 bases (0.00%)
Total Removed:          	5986 reads (0.11%) 	10823688 bases (2.26%)
Result:                 	5640863 reads (99.89%) 	469158477 bases (97.74%)

Time:                         	3.124 seconds.
Reads Processed:       5646k 	1807.47k reads/sec
Bases Processed:        479m 	153.64m bases/sec
java -ea -Xmx27320m -Xms27320m --add-modules jdk.incubator.vector -cp /gpfs1/cl/ecogen/pbio6800/GroupProjects/programs/bbmap/current/ jgi.BBDuk in=/gpfs1/cl/ecogen/pbio6800/GroupProjects/picea_rnaseq/fastq_run2/KAN_04_H_10_TAGGCT_R1.fastq.gz out=/gpfs1/cl/ecogen/pbio6800/GroupProjects/picea_rnaseq/cleanreads/KAN_04_H_10_TAGGCT_R1.fastq.gz.clean.fq ref=/gpfs1/cl/ecogen/pbio6800/GroupProjects/programs/bbmap/resources/adapters.fa ktrim=r k=23 mink=11 hdist=1 tpe tbo trimpolya=10
WARNING: Using incubator modules: jdk.incubator.vector
Executing jgi.BBDuk [in=/gpfs1/cl/ecogen/pbio6800/GroupProjects/picea_rnaseq/fastq_run2/KAN_04_H_10_TAGGCT_R1.fastq.gz, out=/gpfs1/cl/ecogen/pbio6800/GroupProjects/picea_rnaseq/cleanreads/KAN_04_H_10_TAGGCT_R1.fastq.gz.clean.fq, ref=/gpfs1/cl/ecogen/pbio6800/GroupProjects/programs/bbmap/resources/adapters.fa, ktrim=r, k=23, mink=11, hdist=1, tpe, tbo, trimpolya=10]
Version 39.46

maskMiddle was disabled because useShortKmers=true
Allocating kmer table: 	0.016 seconds.
Initial:
Memory: max=28655m, total=28655m, free=28595m, used=60m

Added 217135 kmers; time: 	0.069 seconds.
Memory: max=28655m, total=28655m, free=28511m, used=144m

Input is being processed as unpaired
Started output streams:	0.252 seconds.
Processing time:   		5.282 seconds.

Input:                  	9780583 reads 		831349555 bases.
Polymer-trimmed:        	48451 reads (0.50%) 	819112 bases (0.10%)
KTrimmed:               	595150 reads (6.09%) 	23713427 bases (2.85%)
Trimmed by overlap:     	0 reads (0.00%) 	0 bases (0.00%)
Total Removed:          	9397 reads (0.10%) 	24532539 bases (2.95%)
Result:                 	9771186 reads (99.90%) 	806817016 bases (97.05%)

Time:                         	5.605 seconds.
Reads Processed:       9780k 	1744.98k reads/sec
Bases Processed:        831m 	148.32m bases/sec
java -ea -Xmx27320m -Xms27320m --add-modules jdk.incubator.vector -cp /gpfs1/cl/ecogen/pbio6800/GroupProjects/programs/bbmap/current/ jgi.BBDuk in=/gpfs1/cl/ecogen/pbio6800/GroupProjects/picea_rnaseq/fastq_run2/LOL_02_C_0_AGTACT_R1.fastq.gz out=/gpfs1/cl/ecogen/pbio6800/GroupProjects/picea_rnaseq/cleanreads/LOL_02_C_0_AGTACT_R1.fastq.gz.clean.fq ref=/gpfs1/cl/ecogen/pbio6800/GroupProjects/programs/bbmap/resources/adapters.fa ktrim=r k=23 mink=11 hdist=1 tpe tbo trimpolya=10
WARNING: Using incubator modules: jdk.incubator.vector
Executing jgi.BBDuk [in=/gpfs1/cl/ecogen/pbio6800/GroupProjects/picea_rnaseq/fastq_run2/LOL_02_C_0_AGTACT_R1.fastq.gz, out=/gpfs1/cl/ecogen/pbio6800/GroupProjects/picea_rnaseq/cleanreads/LOL_02_C_0_AGTACT_R1.fastq.gz.clean.fq, ref=/gpfs1/cl/ecogen/pbio6800/GroupProjects/programs/bbmap/resources/adapters.fa, ktrim=r, k=23, mink=11, hdist=1, tpe, tbo, trimpolya=10]
Version 39.46

maskMiddle was disabled because useShortKmers=true
Allocating kmer table: 	0.016 seconds.
Initial:
Memory: max=28655m, total=28655m, free=28595m, used=60m

Added 217135 kmers; time: 	0.077 seconds.
Memory: max=28655m, total=28655m, free=28511m, used=144m

Input is being processed as unpaired
Started output streams:	0.312 seconds.
Processing time:   		3.478 seconds.

Input:                  	7356748 reads 		625323580 bases.
Polymer-trimmed:        	288677 reads (3.92%) 	4796448 bases (0.77%)
KTrimmed:               	1043336 reads (14.18%) 	42536015 bases (6.80%)
Trimmed by overlap:     	0 reads (0.00%) 	0 bases (0.00%)
Total Removed:          	49829 reads (0.68%) 	47332463 bases (7.57%)
Result:                 	7306919 reads (99.32%) 	577991117 bases (92.43%)

Time:                         	3.870 seconds.
Reads Processed:       7356k 	1901.19k reads/sec
Bases Processed:        625m 	161.60m bases/sec
java -ea -Xmx27320m -Xms27320m --add-modules jdk.incubator.vector -cp /gpfs1/cl/ecogen/pbio6800/GroupProjects/programs/bbmap/current/ jgi.BBDuk in=/gpfs1/cl/ecogen/pbio6800/GroupProjects/picea_rnaseq/fastq_run2/LOL_02_C_10_CCTAAG_R1.fastq.gz out=/gpfs1/cl/ecogen/pbio6800/GroupProjects/picea_rnaseq/cleanreads/LOL_02_C_10_CCTAAG_R1.fastq.gz.clean.fq ref=/gpfs1/cl/ecogen/pbio6800/GroupProjects/programs/bbmap/resources/adapters.fa ktrim=r k=23 mink=11 hdist=1 tpe tbo trimpolya=10
WARNING: Using incubator modules: jdk.incubator.vector
Executing jgi.BBDuk [in=/gpfs1/cl/ecogen/pbio6800/GroupProjects/picea_rnaseq/fastq_run2/LOL_02_C_10_CCTAAG_R1.fastq.gz, out=/gpfs1/cl/ecogen/pbio6800/GroupProjects/picea_rnaseq/cleanreads/LOL_02_C_10_CCTAAG_R1.fastq.gz.clean.fq, ref=/gpfs1/cl/ecogen/pbio6800/GroupProjects/programs/bbmap/resources/adapters.fa, ktrim=r, k=23, mink=11, hdist=1, tpe, tbo, trimpolya=10]
Version 39.46

maskMiddle was disabled because useShortKmers=true
Allocating kmer table: 	0.017 seconds.
Initial:
Memory: max=28655m, total=28655m, free=28595m, used=60m

Added 217135 kmers; time: 	0.070 seconds.
Memory: max=28655m, total=28655m, free=28511m, used=144m

Input is being processed as unpaired
Started output streams:	0.017 seconds.
Processing time:   		2.967 seconds.

Input:                  	4903048 reads 		416759080 bases.
Polymer-trimmed:        	13498 reads (0.28%) 	243256 bases (0.06%)
KTrimmed:               	116560 reads (2.38%) 	4464952 bases (1.07%)
Trimmed by overlap:     	0 reads (0.00%) 	0 bases (0.00%)
Total Removed:          	1958 reads (0.04%) 	4708208 bases (1.13%)
Result:                 	4901090 reads (99.96%) 	412050872 bases (98.87%)

Time:                         	3.056 seconds.
Reads Processed:       4903k 	1604.17k reads/sec
Bases Processed:        416m 	136.35m bases/sec
java -ea -Xmx27320m -Xms27320m --add-modules jdk.incubator.vector -cp /gpfs1/cl/ecogen/pbio6800/GroupProjects/programs/bbmap/current/ jgi.BBDuk in=/gpfs1/cl/ecogen/pbio6800/GroupProjects/picea_rnaseq/fastq_run2/LOL_02_C_5_CAACAG_R1.fastq.gz out=/gpfs1/cl/ecogen/pbio6800/GroupProjects/picea_rnaseq/cleanreads/LOL_02_C_5_CAACAG_R1.fastq.gz.clean.fq ref=/gpfs1/cl/ecogen/pbio6800/GroupProjects/programs/bbmap/resources/adapters.fa ktrim=r k=23 mink=11 hdist=1 tpe tbo trimpolya=10
WARNING: Using incubator modules: jdk.incubator.vector
Executing jgi.BBDuk [in=/gpfs1/cl/ecogen/pbio6800/GroupProjects/picea_rnaseq/fastq_run2/LOL_02_C_5_CAACAG_R1.fastq.gz, out=/gpfs1/cl/ecogen/pbio6800/GroupProjects/picea_rnaseq/cleanreads/LOL_02_C_5_CAACAG_R1.fastq.gz.clean.fq, ref=/gpfs1/cl/ecogen/pbio6800/GroupProjects/programs/bbmap/resources/adapters.fa, ktrim=r, k=23, mink=11, hdist=1, tpe, tbo, trimpolya=10]
Version 39.46

maskMiddle was disabled because useShortKmers=true
Allocating kmer table: 	0.027 seconds.
Initial:
Memory: max=28655m, total=28655m, free=28595m, used=60m

Added 217135 kmers; time: 	0.060 seconds.
Memory: max=28655m, total=28655m, free=28511m, used=144m

Input is being processed as unpaired
Started output streams:	0.017 seconds.
Processing time:   		2.815 seconds.

Input:                  	5041444 reads 		428522740 bases.
Polymer-trimmed:        	60374 reads (1.20%) 	1102978 bases (0.26%)
KTrimmed:               	167833 reads (3.33%) 	7101265 bases (1.66%)
Trimmed by overlap:     	0 reads (0.00%) 	0 bases (0.00%)
Total Removed:          	6994 reads (0.14%) 	8204243 bases (1.91%)
Result:                 	5034450 reads (99.86%) 	420318497 bases (98.09%)

Time:                         	2.894 seconds.
Reads Processed:       5041k 	1741.81k reads/sec
Bases Processed:        428m 	148.05m bases/sec
java -ea -Xmx27320m -Xms27320m --add-modules jdk.incubator.vector -cp /gpfs1/cl/ecogen/pbio6800/GroupProjects/programs/bbmap/current/ jgi.BBDuk in=/gpfs1/cl/ecogen/pbio6800/GroupProjects/picea_rnaseq/fastq_run2/LOL_02_D_H_0_AGATAG_R1.fastq.gz out=/gpfs1/cl/ecogen/pbio6800/GroupProjects/picea_rnaseq/cleanreads/LOL_02_D_H_0_AGATAG_R1.fastq.gz.clean.fq ref=/gpfs1/cl/ecogen/pbio6800/GroupProjects/programs/bbmap/resources/adapters.fa ktrim=r k=23 mink=11 hdist=1 tpe tbo trimpolya=10
WARNING: Using incubator modules: jdk.incubator.vector
Executing jgi.BBDuk [in=/gpfs1/cl/ecogen/pbio6800/GroupProjects/picea_rnaseq/fastq_run2/LOL_02_D_H_0_AGATAG_R1.fastq.gz, out=/gpfs1/cl/ecogen/pbio6800/GroupProjects/picea_rnaseq/cleanreads/LOL_02_D_H_0_AGATAG_R1.fastq.gz.clean.fq, ref=/gpfs1/cl/ecogen/pbio6800/GroupProjects/programs/bbmap/resources/adapters.fa, ktrim=r, k=23, mink=11, hdist=1, tpe, tbo, trimpolya=10]
Version 39.46

maskMiddle was disabled because useShortKmers=true
Allocating kmer table: 	0.016 seconds.
Initial:
Memory: max=28655m, total=28655m, free=28595m, used=60m

Added 217135 kmers; time: 	0.071 seconds.
Memory: max=28655m, total=28655m, free=28511m, used=144m

Input is being processed as unpaired
Started output streams:	0.256 seconds.
Processing time:   		2.871 seconds.

Input:                  	5646781 reads 		479976385 bases.
Polymer-trimmed:        	88721 reads (1.57%) 	1460477 bases (0.30%)
KTrimmed:               	637778 reads (11.29%) 	29360048 bases (6.12%)
Trimmed by overlap:     	0 reads (0.00%) 	0 bases (0.00%)
Total Removed:          	74626 reads (1.32%) 	30820525 bases (6.42%)
Result:                 	5572155 reads (98.68%) 	449155860 bases (93.58%)

Time:                         	3.200 seconds.
Reads Processed:       5646k 	1764.86k reads/sec
Bases Processed:        479m 	150.01m bases/sec
java -ea -Xmx27320m -Xms27320m --add-modules jdk.incubator.vector -cp /gpfs1/cl/ecogen/pbio6800/GroupProjects/programs/bbmap/current/ jgi.BBDuk in=/gpfs1/cl/ecogen/pbio6800/GroupProjects/picea_rnaseq/fastq_run2/LOL_02_D_H_10_CAGGAC_R1.fastq.gz out=/gpfs1/cl/ecogen/pbio6800/GroupProjects/picea_rnaseq/cleanreads/LOL_02_D_H_10_CAGGAC_R1.fastq.gz.clean.fq ref=/gpfs1/cl/ecogen/pbio6800/GroupProjects/programs/bbmap/resources/adapters.fa ktrim=r k=23 mink=11 hdist=1 tpe tbo trimpolya=10
WARNING: Using incubator modules: jdk.incubator.vector
Executing jgi.BBDuk [in=/gpfs1/cl/ecogen/pbio6800/GroupProjects/picea_rnaseq/fastq_run2/LOL_02_D_H_10_CAGGAC_R1.fastq.gz, out=/gpfs1/cl/ecogen/pbio6800/GroupProjects/picea_rnaseq/cleanreads/LOL_02_D_H_10_CAGGAC_R1.fastq.gz.clean.fq, ref=/gpfs1/cl/ecogen/pbio6800/GroupProjects/programs/bbmap/resources/adapters.fa, ktrim=r, k=23, mink=11, hdist=1, tpe, tbo, trimpolya=10]
Version 39.46

maskMiddle was disabled because useShortKmers=true
Allocating kmer table: 	0.017 seconds.
Initial:
Memory: max=28655m, total=28655m, free=28595m, used=60m

Added 217135 kmers; time: 	0.070 seconds.
Memory: max=28655m, total=28655m, free=28511m, used=144m

Input is being processed as unpaired
Started output streams:	0.016 seconds.
Processing time:   		2.969 seconds.

Input:                  	5093811 reads 		432973935 bases.
Polymer-trimmed:        	37620 reads (0.74%) 	660927 bases (0.15%)
KTrimmed:               	142504 reads (2.80%) 	5724912 bases (1.32%)
Trimmed by overlap:     	0 reads (0.00%) 	0 bases (0.00%)
Total Removed:          	3697 reads (0.07%) 	6385839 bases (1.47%)
Result:                 	5090114 reads (99.93%) 	426588096 bases (98.53%)

Time:                         	3.057 seconds.
Reads Processed:       5093k 	1666.49k reads/sec
Bases Processed:        432m 	141.65m bases/sec
java -ea -Xmx27320m -Xms27320m --add-modules jdk.incubator.vector -cp /gpfs1/cl/ecogen/pbio6800/GroupProjects/programs/bbmap/current/ jgi.BBDuk in=/gpfs1/cl/ecogen/pbio6800/GroupProjects/picea_rnaseq/fastq_run2/LOL_02_H_0_TGGCGA_R1.fastq.gz out=/gpfs1/cl/ecogen/pbio6800/GroupProjects/picea_rnaseq/cleanreads/LOL_02_H_0_TGGCGA_R1.fastq.gz.clean.fq ref=/gpfs1/cl/ecogen/pbio6800/GroupProjects/programs/bbmap/resources/adapters.fa ktrim=r k=23 mink=11 hdist=1 tpe tbo trimpolya=10
WARNING: Using incubator modules: jdk.incubator.vector
Executing jgi.BBDuk [in=/gpfs1/cl/ecogen/pbio6800/GroupProjects/picea_rnaseq/fastq_run2/LOL_02_H_0_TGGCGA_R1.fastq.gz, out=/gpfs1/cl/ecogen/pbio6800/GroupProjects/picea_rnaseq/cleanreads/LOL_02_H_0_TGGCGA_R1.fastq.gz.clean.fq, ref=/gpfs1/cl/ecogen/pbio6800/GroupProjects/programs/bbmap/resources/adapters.fa, ktrim=r, k=23, mink=11, hdist=1, tpe, tbo, trimpolya=10]
Version 39.46

maskMiddle was disabled because useShortKmers=true
Allocating kmer table: 	0.018 seconds.
Initial:
Memory: max=28655m, total=28655m, free=28595m, used=60m

Added 217135 kmers; time: 	0.068 seconds.
Memory: max=28655m, total=28655m, free=28511m, used=144m

Input is being processed as unpaired
Started output streams:	0.019 seconds.
Processing time:   		3.122 seconds.

Input:                  	5726998 reads 		486794830 bases.
Polymer-trimmed:        	68908 reads (1.20%) 	1129201 bases (0.23%)
KTrimmed:               	247281 reads (4.32%) 	10086343 bases (2.07%)
Trimmed by overlap:     	0 reads (0.00%) 	0 bases (0.00%)
Total Removed:          	9723 reads (0.17%) 	11215544 bases (2.30%)
Result:                 	5717275 reads (99.83%) 	475579286 bases (97.70%)

Time:                         	3.210 seconds.
Reads Processed:       5726k 	1783.89k reads/sec
Bases Processed:        486m 	151.63m bases/sec
java -ea -Xmx27320m -Xms27320m --add-modules jdk.incubator.vector -cp /gpfs1/cl/ecogen/pbio6800/GroupProjects/programs/bbmap/current/ jgi.BBDuk in=/gpfs1/cl/ecogen/pbio6800/GroupProjects/picea_rnaseq/fastq_run2/LOL_02_H_10_GACATC_R1.fastq.gz out=/gpfs1/cl/ecogen/pbio6800/GroupProjects/picea_rnaseq/cleanreads/LOL_02_H_10_GACATC_R1.fastq.gz.clean.fq ref=/gpfs1/cl/ecogen/pbio6800/GroupProjects/programs/bbmap/resources/adapters.fa ktrim=r k=23 mink=11 hdist=1 tpe tbo trimpolya=10
WARNING: Using incubator modules: jdk.incubator.vector
Executing jgi.BBDuk [in=/gpfs1/cl/ecogen/pbio6800/GroupProjects/picea_rnaseq/fastq_run2/LOL_02_H_10_GACATC_R1.fastq.gz, out=/gpfs1/cl/ecogen/pbio6800/GroupProjects/picea_rnaseq/cleanreads/LOL_02_H_10_GACATC_R1.fastq.gz.clean.fq, ref=/gpfs1/cl/ecogen/pbio6800/GroupProjects/programs/bbmap/resources/adapters.fa, ktrim=r, k=23, mink=11, hdist=1, tpe, tbo, trimpolya=10]
Version 39.46

maskMiddle was disabled because useShortKmers=true
Allocating kmer table: 	0.017 seconds.
Initial:
Memory: max=28655m, total=28655m, free=28595m, used=60m

Added 217135 kmers; time: 	0.074 seconds.
Memory: max=28655m, total=28655m, free=28511m, used=144m

Input is being processed as unpaired
Started output streams:	0.017 seconds.
Processing time:   		3.893 seconds.

Input:                  	6059100 reads 		515023500 bases.
Polymer-trimmed:        	258571 reads (4.27%) 	4245724 bases (0.82%)
KTrimmed:               	58847 reads (0.97%) 	2495744 bases (0.48%)
Trimmed by overlap:     	0 reads (0.00%) 	0 bases (0.00%)
Total Removed:          	17828 reads (0.29%) 	6741468 bases (1.31%)
Result:                 	6041272 reads (99.71%) 	508282032 bases (98.69%)

Time:                         	3.986 seconds.
Reads Processed:       6059k 	1520.01k reads/sec
Bases Processed:        515m 	129.20m bases/sec
java -ea -Xmx27320m -Xms27320m --add-modules jdk.incubator.vector -cp /gpfs1/cl/ecogen/pbio6800/GroupProjects/programs/bbmap/current/ jgi.BBDuk in=/gpfs1/cl/ecogen/pbio6800/GroupProjects/picea_rnaseq/fastq_run2/MMF_13_C_0_ACAGAT_R1.fastq.gz out=/gpfs1/cl/ecogen/pbio6800/GroupProjects/picea_rnaseq/cleanreads/MMF_13_C_0_ACAGAT_R1.fastq.gz.clean.fq ref=/gpfs1/cl/ecogen/pbio6800/GroupProjects/programs/bbmap/resources/adapters.fa ktrim=r k=23 mink=11 hdist=1 tpe tbo trimpolya=10
WARNING: Using incubator modules: jdk.incubator.vector
Executing jgi.BBDuk [in=/gpfs1/cl/ecogen/pbio6800/GroupProjects/picea_rnaseq/fastq_run2/MMF_13_C_0_ACAGAT_R1.fastq.gz, out=/gpfs1/cl/ecogen/pbio6800/GroupProjects/picea_rnaseq/cleanreads/MMF_13_C_0_ACAGAT_R1.fastq.gz.clean.fq, ref=/gpfs1/cl/ecogen/pbio6800/GroupProjects/programs/bbmap/resources/adapters.fa, ktrim=r, k=23, mink=11, hdist=1, tpe, tbo, trimpolya=10]
Version 39.46

maskMiddle was disabled because useShortKmers=true
Allocating kmer table: 	0.009 seconds.
Initial:
Memory: max=28655m, total=28655m, free=28595m, used=60m

Added 217135 kmers; time: 	0.068 seconds.
Memory: max=28655m, total=28655m, free=28511m, used=144m

Input is being processed as unpaired
Started output streams:	0.014 seconds.
Processing time:   		2.891 seconds.

Input:                  	5666377 reads 		481642045 bases.
Polymer-trimmed:        	67638 reads (1.19%) 	1213969 bases (0.25%)
KTrimmed:               	383642 reads (6.77%) 	15878963 bases (3.30%)
Trimmed by overlap:     	0 reads (0.00%) 	0 bases (0.00%)
Total Removed:          	9788 reads (0.17%) 	17092932 bases (3.55%)
Result:                 	5656589 reads (99.83%) 	464549113 bases (96.45%)

Time:                         	2.974 seconds.
Reads Processed:       5666k 	1905.29k reads/sec
Bases Processed:        481m 	161.95m bases/sec
java -ea -Xmx27320m -Xms27320m --add-modules jdk.incubator.vector -cp /gpfs1/cl/ecogen/pbio6800/GroupProjects/programs/bbmap/current/ jgi.BBDuk in=/gpfs1/cl/ecogen/pbio6800/GroupProjects/picea_rnaseq/fastq_run2/MMF_13_C_10_TGTGCA_R1.fastq.gz out=/gpfs1/cl/ecogen/pbio6800/GroupProjects/picea_rnaseq/cleanreads/MMF_13_C_10_TGTGCA_R1.fastq.gz.clean.fq ref=/gpfs1/cl/ecogen/pbio6800/GroupProjects/programs/bbmap/resources/adapters.fa ktrim=r k=23 mink=11 hdist=1 tpe tbo trimpolya=10
WARNING: Using incubator modules: jdk.incubator.vector
Executing jgi.BBDuk [in=/gpfs1/cl/ecogen/pbio6800/GroupProjects/picea_rnaseq/fastq_run2/MMF_13_C_10_TGTGCA_R1.fastq.gz, out=/gpfs1/cl/ecogen/pbio6800/GroupProjects/picea_rnaseq/cleanreads/MMF_13_C_10_TGTGCA_R1.fastq.gz.clean.fq, ref=/gpfs1/cl/ecogen/pbio6800/GroupProjects/programs/bbmap/resources/adapters.fa, ktrim=r, k=23, mink=11, hdist=1, tpe, tbo, trimpolya=10]
Version 39.46

maskMiddle was disabled because useShortKmers=true
Allocating kmer table: 	0.017 seconds.
Initial:
Memory: max=28655m, total=28655m, free=28595m, used=60m

Added 217135 kmers; time: 	0.066 seconds.
Memory: max=28655m, total=28655m, free=28511m, used=144m

Input is being processed as unpaired
Started output streams:	0.025 seconds.
Processing time:   		2.408 seconds.

Input:                  	4862568 reads 		413318280 bases.
Polymer-trimmed:        	90495 reads (1.86%) 	1516942 bases (0.37%)
KTrimmed:               	360186 reads (7.41%) 	14095847 bases (3.41%)
Trimmed by overlap:     	0 reads (0.00%) 	0 bases (0.00%)
Total Removed:          	12789 reads (0.26%) 	15612789 bases (3.78%)
Result:                 	4849779 reads (99.74%) 	397705491 bases (96.22%)

Time:                         	2.500 seconds.
Reads Processed:       4862k 	1944.92k reads/sec
Bases Processed:        413m 	165.32m bases/sec
java -ea -Xmx27320m -Xms27320m --add-modules jdk.incubator.vector -cp /gpfs1/cl/ecogen/pbio6800/GroupProjects/programs/bbmap/current/ jgi.BBDuk in=/gpfs1/cl/ecogen/pbio6800/GroupProjects/picea_rnaseq/fastq_run2/MMF_13_C_5_AGTTGA_R1.fastq.gz out=/gpfs1/cl/ecogen/pbio6800/GroupProjects/picea_rnaseq/cleanreads/MMF_13_C_5_AGTTGA_R1.fastq.gz.clean.fq ref=/gpfs1/cl/ecogen/pbio6800/GroupProjects/programs/bbmap/resources/adapters.fa ktrim=r k=23 mink=11 hdist=1 tpe tbo trimpolya=10
WARNING: Using incubator modules: jdk.incubator.vector
Executing jgi.BBDuk [in=/gpfs1/cl/ecogen/pbio6800/GroupProjects/picea_rnaseq/fastq_run2/MMF_13_C_5_AGTTGA_R1.fastq.gz, out=/gpfs1/cl/ecogen/pbio6800/GroupProjects/picea_rnaseq/cleanreads/MMF_13_C_5_AGTTGA_R1.fastq.gz.clean.fq, ref=/gpfs1/cl/ecogen/pbio6800/GroupProjects/programs/bbmap/resources/adapters.fa, ktrim=r, k=23, mink=11, hdist=1, tpe, tbo, trimpolya=10]
Version 39.46

maskMiddle was disabled because useShortKmers=true
Allocating kmer table: 	0.013 seconds.
Initial:
Memory: max=28655m, total=28655m, free=28595m, used=60m

Added 217135 kmers; time: 	0.067 seconds.
Memory: max=28655m, total=28655m, free=28511m, used=144m

Input is being processed as unpaired
Started output streams:	0.017 seconds.
Processing time:   		2.324 seconds.

Input:                  	4906619 reads 		417062615 bases.
Polymer-trimmed:        	44322 reads (0.90%) 	743360 bases (0.18%)
KTrimmed:               	406924 reads (8.29%) 	17233453 bases (4.13%)
Trimmed by overlap:     	0 reads (0.00%) 	0 bases (0.00%)
Total Removed:          	13306 reads (0.27%) 	17976813 bases (4.31%)
Result:                 	4893313 reads (99.73%) 	399085802 bases (95.69%)

Time:                         	2.408 seconds.
Reads Processed:       4906k 	2037.23k reads/sec
Bases Processed:        417m 	173.16m bases/sec
java -ea -Xmx27320m -Xms27320m --add-modules jdk.incubator.vector -cp /gpfs1/cl/ecogen/pbio6800/GroupProjects/programs/bbmap/current/ jgi.BBDuk in=/gpfs1/cl/ecogen/pbio6800/GroupProjects/picea_rnaseq/fastq_run2/MMF_13_D_H_0_CTCTCG_R1.fastq.gz out=/gpfs1/cl/ecogen/pbio6800/GroupProjects/picea_rnaseq/cleanreads/MMF_13_D_H_0_CTCTCG_R1.fastq.gz.clean.fq ref=/gpfs1/cl/ecogen/pbio6800/GroupProjects/programs/bbmap/resources/adapters.fa ktrim=r k=23 mink=11 hdist=1 tpe tbo trimpolya=10
WARNING: Using incubator modules: jdk.incubator.vector
Executing jgi.BBDuk [in=/gpfs1/cl/ecogen/pbio6800/GroupProjects/picea_rnaseq/fastq_run2/MMF_13_D_H_0_CTCTCG_R1.fastq.gz, out=/gpfs1/cl/ecogen/pbio6800/GroupProjects/picea_rnaseq/cleanreads/MMF_13_D_H_0_CTCTCG_R1.fastq.gz.clean.fq, ref=/gpfs1/cl/ecogen/pbio6800/GroupProjects/programs/bbmap/resources/adapters.fa, ktrim=r, k=23, mink=11, hdist=1, tpe, tbo, trimpolya=10]
Version 39.46

maskMiddle was disabled because useShortKmers=true
Allocating kmer table: 	0.015 seconds.
Initial:
Memory: max=28655m, total=28655m, free=28595m, used=60m

Added 217135 kmers; time: 	0.070 seconds.
Memory: max=28655m, total=28655m, free=28511m, used=144m

Input is being processed as unpaired
Started output streams:	0.023 seconds.
Processing time:   		4.178 seconds.

Input:                  	7368109 reads 		626289265 bases.
Polymer-trimmed:        	202583 reads (2.75%) 	3556595 bases (0.57%)
KTrimmed:               	652293 reads (8.85%) 	27599351 bases (4.41%)
Trimmed by overlap:     	0 reads (0.00%) 	0 bases (0.00%)
Total Removed:          	37231 reads (0.51%) 	31155946 bases (4.97%)
Result:                 	7330878 reads (99.49%) 	595133319 bases (95.03%)

Time:                         	4.273 seconds.
Reads Processed:       7368k 	1724.44k reads/sec
Bases Processed:        626m 	146.58m bases/sec
java -ea -Xmx27320m -Xms27320m --add-modules jdk.incubator.vector -cp /gpfs1/cl/ecogen/pbio6800/GroupProjects/programs/bbmap/current/ jgi.BBDuk in=/gpfs1/cl/ecogen/pbio6800/GroupProjects/picea_rnaseq/fastq_run2/MMF_13_D_H_10_TTTATG_R1.fastq.gz out=/gpfs1/cl/ecogen/pbio6800/GroupProjects/picea_rnaseq/cleanreads/MMF_13_D_H_10_TTTATG_R1.fastq.gz.clean.fq ref=/gpfs1/cl/ecogen/pbio6800/GroupProjects/programs/bbmap/resources/adapters.fa ktrim=r k=23 mink=11 hdist=1 tpe tbo trimpolya=10
WARNING: Using incubator modules: jdk.incubator.vector
Executing jgi.BBDuk [in=/gpfs1/cl/ecogen/pbio6800/GroupProjects/picea_rnaseq/fastq_run2/MMF_13_D_H_10_TTTATG_R1.fastq.gz, out=/gpfs1/cl/ecogen/pbio6800/GroupProjects/picea_rnaseq/cleanreads/MMF_13_D_H_10_TTTATG_R1.fastq.gz.clean.fq, ref=/gpfs1/cl/ecogen/pbio6800/GroupProjects/programs/bbmap/resources/adapters.fa, ktrim=r, k=23, mink=11, hdist=1, tpe, tbo, trimpolya=10]
Version 39.46

maskMiddle was disabled because useShortKmers=true
Allocating kmer table: 	0.009 seconds.
Initial:
Memory: max=28655m, total=28655m, free=28595m, used=60m

Added 217135 kmers; time: 	0.070 seconds.
Memory: max=28655m, total=28655m, free=28511m, used=144m

Input is being processed as unpaired
Started output streams:	0.014 seconds.
Processing time:   		2.442 seconds.

Input:                  	4872400 reads 		414154000 bases.
Polymer-trimmed:        	100706 reads (2.07%) 	1735742 bases (0.42%)
KTrimmed:               	282689 reads (5.80%) 	11485559 bases (2.77%)
Trimmed by overlap:     	0 reads (0.00%) 	0 bases (0.00%)
Total Removed:          	12361 reads (0.25%) 	13221301 bases (3.19%)
Result:                 	4860039 reads (99.75%) 	400932699 bases (96.81%)

Time:                         	2.528 seconds.
Reads Processed:       4872k 	1927.19k reads/sec
Bases Processed:        414m 	163.81m bases/sec
java -ea -Xmx27320m -Xms27320m --add-modules jdk.incubator.vector -cp /gpfs1/cl/ecogen/pbio6800/GroupProjects/programs/bbmap/current/ jgi.BBDuk in=/gpfs1/cl/ecogen/pbio6800/GroupProjects/picea_rnaseq/fastq_run2/MMF_13_D_H_5_AAGCTC_R1.fastq.gz out=/gpfs1/cl/ecogen/pbio6800/GroupProjects/picea_rnaseq/cleanreads/MMF_13_D_H_5_AAGCTC_R1.fastq.gz.clean.fq ref=/gpfs1/cl/ecogen/pbio6800/GroupProjects/programs/bbmap/resources/adapters.fa ktrim=r k=23 mink=11 hdist=1 tpe tbo trimpolya=10
WARNING: Using incubator modules: jdk.incubator.vector
Executing jgi.BBDuk [in=/gpfs1/cl/ecogen/pbio6800/GroupProjects/picea_rnaseq/fastq_run2/MMF_13_D_H_5_AAGCTC_R1.fastq.gz, out=/gpfs1/cl/ecogen/pbio6800/GroupProjects/picea_rnaseq/cleanreads/MMF_13_D_H_5_AAGCTC_R1.fastq.gz.clean.fq, ref=/gpfs1/cl/ecogen/pbio6800/GroupProjects/programs/bbmap/resources/adapters.fa, ktrim=r, k=23, mink=11, hdist=1, tpe, tbo, trimpolya=10]
Version 39.46

maskMiddle was disabled because useShortKmers=true
Allocating kmer table: 	0.015 seconds.
Initial:
Memory: max=28655m, total=28655m, free=28595m, used=60m

Added 217135 kmers; time: 	0.069 seconds.
Memory: max=28655m, total=28655m, free=28511m, used=144m

Input is being processed as unpaired
Started output streams:	0.017 seconds.
Processing time:   		1.393 seconds.

Input:                  	2713721 reads 		230666285 bases.
Polymer-trimmed:        	71884 reads (2.65%) 	1236990 bases (0.54%)
KTrimmed:               	695788 reads (25.64%) 	55118542 bases (23.90%)
Trimmed by overlap:     	0 reads (0.00%) 	0 bases (0.00%)
Total Removed:          	593772 reads (21.88%) 	56355532 bases (24.43%)
Result:                 	2119949 reads (78.12%) 	174310753 bases (75.57%)

Time:                         	1.482 seconds.
Reads Processed:       2713k 	1831.53k reads/sec
Bases Processed:        230m 	155.68m bases/sec
java -ea -Xmx27320m -Xms27320m --add-modules jdk.incubator.vector -cp /gpfs1/cl/ecogen/pbio6800/GroupProjects/programs/bbmap/current/ jgi.BBDuk in=/gpfs1/cl/ecogen/pbio6800/GroupProjects/picea_rnaseq/fastq_run2/MMF_13_H_0_AATCCG_R1.fastq.gz out=/gpfs1/cl/ecogen/pbio6800/GroupProjects/picea_rnaseq/cleanreads/MMF_13_H_0_AATCCG_R1.fastq.gz.clean.fq ref=/gpfs1/cl/ecogen/pbio6800/GroupProjects/programs/bbmap/resources/adapters.fa ktrim=r k=23 mink=11 hdist=1 tpe tbo trimpolya=10
WARNING: Using incubator modules: jdk.incubator.vector
Executing jgi.BBDuk [in=/gpfs1/cl/ecogen/pbio6800/GroupProjects/picea_rnaseq/fastq_run2/MMF_13_H_0_AATCCG_R1.fastq.gz, out=/gpfs1/cl/ecogen/pbio6800/GroupProjects/picea_rnaseq/cleanreads/MMF_13_H_0_AATCCG_R1.fastq.gz.clean.fq, ref=/gpfs1/cl/ecogen/pbio6800/GroupProjects/programs/bbmap/resources/adapters.fa, ktrim=r, k=23, mink=11, hdist=1, tpe, tbo, trimpolya=10]
Version 39.46

maskMiddle was disabled because useShortKmers=true
Allocating kmer table: 	0.026 seconds.
Initial:
Memory: max=28655m, total=28655m, free=28595m, used=60m

Added 217135 kmers; time: 	0.062 seconds.
Memory: max=28655m, total=28655m, free=28511m, used=144m

Input is being processed as unpaired
Started output streams:	0.863 seconds.
Processing time:   		2.564 seconds.

Input:                  	5968614 reads 		507332190 bases.
Polymer-trimmed:        	26867 reads (0.45%) 	444416 bases (0.09%)
KTrimmed:               	755648 reads (12.66%) 	32086863 bases (6.32%)
Trimmed by overlap:     	0 reads (0.00%) 	0 bases (0.00%)
Total Removed:          	11854 reads (0.20%) 	32531279 bases (6.41%)
Result:                 	5956760 reads (99.80%) 	474800911 bases (93.59%)

Time:                         	3.491 seconds.
Reads Processed:       5968k 	1709.85k reads/sec
Bases Processed:        507m 	145.34m bases/sec
java -ea -Xmx27320m -Xms27320m --add-modules jdk.incubator.vector -cp /gpfs1/cl/ecogen/pbio6800/GroupProjects/programs/bbmap/current/ jgi.BBDuk in=/gpfs1/cl/ecogen/pbio6800/GroupProjects/picea_rnaseq/fastq_run2/MMF_13_H_10_ATACTG_R1.fastq.gz out=/gpfs1/cl/ecogen/pbio6800/GroupProjects/picea_rnaseq/cleanreads/MMF_13_H_10_ATACTG_R1.fastq.gz.clean.fq ref=/gpfs1/cl/ecogen/pbio6800/GroupProjects/programs/bbmap/resources/adapters.fa ktrim=r k=23 mink=11 hdist=1 tpe tbo trimpolya=10
WARNING: Using incubator modules: jdk.incubator.vector
Executing jgi.BBDuk [in=/gpfs1/cl/ecogen/pbio6800/GroupProjects/picea_rnaseq/fastq_run2/MMF_13_H_10_ATACTG_R1.fastq.gz, out=/gpfs1/cl/ecogen/pbio6800/GroupProjects/picea_rnaseq/cleanreads/MMF_13_H_10_ATACTG_R1.fastq.gz.clean.fq, ref=/gpfs1/cl/ecogen/pbio6800/GroupProjects/programs/bbmap/resources/adapters.fa, ktrim=r, k=23, mink=11, hdist=1, tpe, tbo, trimpolya=10]
Version 39.46

maskMiddle was disabled because useShortKmers=true
Allocating kmer table: 	0.015 seconds.
Initial:
Memory: max=28655m, total=28655m, free=28595m, used=60m

Added 217135 kmers; time: 	0.067 seconds.
Memory: max=28655m, total=28655m, free=28511m, used=144m

Input is being processed as unpaired
Started output streams:	0.016 seconds.
Processing time:   		2.267 seconds.

Input:                  	4417554 reads 		375492090 bases.
Polymer-trimmed:        	37930 reads (0.86%) 	638710 bases (0.17%)
KTrimmed:               	215754 reads (4.88%) 	9129096 bases (2.43%)
Trimmed by overlap:     	0 reads (0.00%) 	0 bases (0.00%)
Total Removed:          	10587 reads (0.24%) 	9767806 bases (2.60%)
Result:                 	4406967 reads (99.76%) 	365724284 bases (97.40%)

Time:                         	2.352 seconds.
Reads Processed:       4417k 	1878.29k reads/sec
Bases Processed:        375m 	159.66m bases/sec
java -ea -Xmx27320m -Xms27320m --add-modules jdk.incubator.vector -cp /gpfs1/cl/ecogen/pbio6800/GroupProjects/programs/bbmap/current/ jgi.BBDuk in=/gpfs1/cl/ecogen/pbio6800/GroupProjects/picea_rnaseq/fastq_run2/MMF_13_H_5_CGAAGG_R1.fastq.gz out=/gpfs1/cl/ecogen/pbio6800/GroupProjects/picea_rnaseq/cleanreads/MMF_13_H_5_CGAAGG_R1.fastq.gz.clean.fq ref=/gpfs1/cl/ecogen/pbio6800/GroupProjects/programs/bbmap/resources/adapters.fa ktrim=r k=23 mink=11 hdist=1 tpe tbo trimpolya=10
WARNING: Using incubator modules: jdk.incubator.vector
Executing jgi.BBDuk [in=/gpfs1/cl/ecogen/pbio6800/GroupProjects/picea_rnaseq/fastq_run2/MMF_13_H_5_CGAAGG_R1.fastq.gz, out=/gpfs1/cl/ecogen/pbio6800/GroupProjects/picea_rnaseq/cleanreads/MMF_13_H_5_CGAAGG_R1.fastq.gz.clean.fq, ref=/gpfs1/cl/ecogen/pbio6800/GroupProjects/programs/bbmap/resources/adapters.fa, ktrim=r, k=23, mink=11, hdist=1, tpe, tbo, trimpolya=10]
Version 39.46

maskMiddle was disabled because useShortKmers=true
Allocating kmer table: 	0.008 seconds.
Initial:
Memory: max=28655m, total=28655m, free=28595m, used=60m

Added 217135 kmers; time: 	0.083 seconds.
Memory: max=28655m, total=28655m, free=28511m, used=144m

Input is being processed as unpaired
Started output streams:	0.016 seconds.
Processing time:   		2.731 seconds.

Input:                  	5302351 reads 		450699835 bases.
Polymer-trimmed:        	45497 reads (0.86%) 	801177 bases (0.18%)
KTrimmed:               	273877 reads (5.17%) 	11269937 bases (2.50%)
Trimmed by overlap:     	0 reads (0.00%) 	0 bases (0.00%)
Total Removed:          	9940 reads (0.19%) 	12071114 bases (2.68%)
Result:                 	5292411 reads (99.81%) 	438628721 bases (97.32%)

Time:                         	2.831 seconds.
Reads Processed:       5302k 	1872.77k reads/sec
Bases Processed:        450m 	159.19m bases/sec
java -ea -Xmx27320m -Xms27320m --add-modules jdk.incubator.vector -cp /gpfs1/cl/ecogen/pbio6800/GroupProjects/programs/bbmap/current/ jgi.BBDuk in=/gpfs1/cl/ecogen/pbio6800/GroupProjects/picea_rnaseq/fastq_run2/NOR_02_C_0_AATGAA_R1.fastq.gz out=/gpfs1/cl/ecogen/pbio6800/GroupProjects/picea_rnaseq/cleanreads/NOR_02_C_0_AATGAA_R1.fastq.gz.clean.fq ref=/gpfs1/cl/ecogen/pbio6800/GroupProjects/programs/bbmap/resources/adapters.fa ktrim=r k=23 mink=11 hdist=1 tpe tbo trimpolya=10
WARNING: Using incubator modules: jdk.incubator.vector
Executing jgi.BBDuk [in=/gpfs1/cl/ecogen/pbio6800/GroupProjects/picea_rnaseq/fastq_run2/NOR_02_C_0_AATGAA_R1.fastq.gz, out=/gpfs1/cl/ecogen/pbio6800/GroupProjects/picea_rnaseq/cleanreads/NOR_02_C_0_AATGAA_R1.fastq.gz.clean.fq, ref=/gpfs1/cl/ecogen/pbio6800/GroupProjects/programs/bbmap/resources/adapters.fa, ktrim=r, k=23, mink=11, hdist=1, tpe, tbo, trimpolya=10]
Version 39.46

maskMiddle was disabled because useShortKmers=true
Allocating kmer table: 	0.019 seconds.
Initial:
Memory: max=28655m, total=28655m, free=28595m, used=60m

Added 217135 kmers; time: 	0.060 seconds.
Memory: max=28655m, total=28655m, free=28511m, used=144m

Input is being processed as unpaired
Started output streams:	0.021 seconds.
Processing time:   		2.873 seconds.

Input:                  	5237684 reads 		445203140 bases.
Polymer-trimmed:        	40356 reads (0.77%) 	718385 bases (0.16%)
KTrimmed:               	316556 reads (6.04%) 	13431840 bases (3.02%)
Trimmed by overlap:     	0 reads (0.00%) 	0 bases (0.00%)
Total Removed:          	10818 reads (0.21%) 	14150225 bases (3.18%)
Result:                 	5226866 reads (99.79%) 	431052915 bases (96.82%)

Time:                         	2.955 seconds.
Reads Processed:       5237k 	1772.37k reads/sec
Bases Processed:        445m 	150.65m bases/sec
java -ea -Xmx27320m -Xms27320m --add-modules jdk.incubator.vector -cp /gpfs1/cl/ecogen/pbio6800/GroupProjects/programs/bbmap/current/ jgi.BBDuk in=/gpfs1/cl/ecogen/pbio6800/GroupProjects/picea_rnaseq/fastq_run2/NOR_02_C_10_TTGGTA_R1.fastq.gz out=/gpfs1/cl/ecogen/pbio6800/GroupProjects/picea_rnaseq/cleanreads/NOR_02_C_10_TTGGTA_R1.fastq.gz.clean.fq ref=/gpfs1/cl/ecogen/pbio6800/GroupProjects/programs/bbmap/resources/adapters.fa ktrim=r k=23 mink=11 hdist=1 tpe tbo trimpolya=10
WARNING: Using incubator modules: jdk.incubator.vector
Executing jgi.BBDuk [in=/gpfs1/cl/ecogen/pbio6800/GroupProjects/picea_rnaseq/fastq_run2/NOR_02_C_10_TTGGTA_R1.fastq.gz, out=/gpfs1/cl/ecogen/pbio6800/GroupProjects/picea_rnaseq/cleanreads/NOR_02_C_10_TTGGTA_R1.fastq.gz.clean.fq, ref=/gpfs1/cl/ecogen/pbio6800/GroupProjects/programs/bbmap/resources/adapters.fa, ktrim=r, k=23, mink=11, hdist=1, tpe, tbo, trimpolya=10]
Version 39.46

maskMiddle was disabled because useShortKmers=true
Allocating kmer table: 	0.013 seconds.
Initial:
Memory: max=28655m, total=28655m, free=28595m, used=60m

Added 217135 kmers; time: 	0.066 seconds.
Memory: max=28655m, total=28655m, free=28511m, used=144m

Input is being processed as unpaired
Started output streams:	0.017 seconds.
Processing time:   		2.441 seconds.

Input:                  	4829406 reads 		410499510 bases.
Polymer-trimmed:        	61126 reads (1.27%) 	1025645 bases (0.25%)
KTrimmed:               	287639 reads (5.96%) 	13070413 bases (3.18%)
Trimmed by overlap:     	0 reads (0.00%) 	0 bases (0.00%)
Total Removed:          	25751 reads (0.53%) 	14096058 bases (3.43%)
Result:                 	4803655 reads (99.47%) 	396403452 bases (96.57%)

Time:                         	2.526 seconds.
Reads Processed:       4829k 	1911.78k reads/sec
Bases Processed:        410m 	162.50m bases/sec
java -ea -Xmx27320m -Xms27320m --add-modules jdk.incubator.vector -cp /gpfs1/cl/ecogen/pbio6800/GroupProjects/programs/bbmap/current/ jgi.BBDuk in=/gpfs1/cl/ecogen/pbio6800/GroupProjects/picea_rnaseq/fastq_run2/NOR_02_C_5_TCGTTC_R1.fastq.gz out=/gpfs1/cl/ecogen/pbio6800/GroupProjects/picea_rnaseq/cleanreads/NOR_02_C_5_TCGTTC_R1.fastq.gz.clean.fq ref=/gpfs1/cl/ecogen/pbio6800/GroupProjects/programs/bbmap/resources/adapters.fa ktrim=r k=23 mink=11 hdist=1 tpe tbo trimpolya=10
WARNING: Using incubator modules: jdk.incubator.vector
Executing jgi.BBDuk [in=/gpfs1/cl/ecogen/pbio6800/GroupProjects/picea_rnaseq/fastq_run2/NOR_02_C_5_TCGTTC_R1.fastq.gz, out=/gpfs1/cl/ecogen/pbio6800/GroupProjects/picea_rnaseq/cleanreads/NOR_02_C_5_TCGTTC_R1.fastq.gz.clean.fq, ref=/gpfs1/cl/ecogen/pbio6800/GroupProjects/programs/bbmap/resources/adapters.fa, ktrim=r, k=23, mink=11, hdist=1, tpe, tbo, trimpolya=10]
Version 39.46

maskMiddle was disabled because useShortKmers=true
Allocating kmer table: 	0.013 seconds.
Initial:
Memory: max=28655m, total=28655m, free=28595m, used=60m

Added 217135 kmers; time: 	0.066 seconds.
Memory: max=28655m, total=28655m, free=28511m, used=144m

Input is being processed as unpaired
Started output streams:	0.016 seconds.
Processing time:   		2.232 seconds.

Input:                  	4409435 reads 		374801975 bases.
Polymer-trimmed:        	39928 reads (0.91%) 	762616 bases (0.20%)
KTrimmed:               	139366 reads (3.16%) 	6135930 bases (1.64%)
Trimmed by overlap:     	0 reads (0.00%) 	0 bases (0.00%)
Total Removed:          	7340 reads (0.17%) 	6898546 bases (1.84%)
Result:                 	4402095 reads (99.83%) 	367903429 bases (98.16%)

Time:                         	2.315 seconds.
Reads Processed:       4409k 	1904.61k reads/sec
Bases Processed:        374m 	161.89m bases/sec
java -ea -Xmx27320m -Xms27320m --add-modules jdk.incubator.vector -cp /gpfs1/cl/ecogen/pbio6800/GroupProjects/programs/bbmap/current/ jgi.BBDuk in=/gpfs1/cl/ecogen/pbio6800/GroupProjects/picea_rnaseq/fastq_run2/NOR_02_D_H_0_TCTTAA_R1.fastq.gz out=/gpfs1/cl/ecogen/pbio6800/GroupProjects/picea_rnaseq/cleanreads/NOR_02_D_H_0_TCTTAA_R1.fastq.gz.clean.fq ref=/gpfs1/cl/ecogen/pbio6800/GroupProjects/programs/bbmap/resources/adapters.fa ktrim=r k=23 mink=11 hdist=1 tpe tbo trimpolya=10
WARNING: Using incubator modules: jdk.incubator.vector
Executing jgi.BBDuk [in=/gpfs1/cl/ecogen/pbio6800/GroupProjects/picea_rnaseq/fastq_run2/NOR_02_D_H_0_TCTTAA_R1.fastq.gz, out=/gpfs1/cl/ecogen/pbio6800/GroupProjects/picea_rnaseq/cleanreads/NOR_02_D_H_0_TCTTAA_R1.fastq.gz.clean.fq, ref=/gpfs1/cl/ecogen/pbio6800/GroupProjects/programs/bbmap/resources/adapters.fa, ktrim=r, k=23, mink=11, hdist=1, tpe, tbo, trimpolya=10]
Version 39.46

maskMiddle was disabled because useShortKmers=true
Allocating kmer table: 	0.015 seconds.
Initial:
Memory: max=28655m, total=28655m, free=28595m, used=60m

Added 217135 kmers; time: 	0.074 seconds.
Memory: max=28655m, total=28655m, free=28511m, used=144m

Input is being processed as unpaired
Started output streams:	0.015 seconds.
Processing time:   		2.602 seconds.

Input:                  	5779921 reads 		491293285 bases.
Polymer-trimmed:        	112254 reads (1.94%) 	1865750 bases (0.38%)
KTrimmed:               	517448 reads (8.95%) 	22994490 bases (4.68%)
Trimmed by overlap:     	0 reads (0.00%) 	0 bases (0.00%)
Total Removed:          	40600 reads (0.70%) 	24860240 bases (5.06%)
Result:                 	5739321 reads (99.30%) 	466433045 bases (94.94%)

Time:                         	2.693 seconds.
Reads Processed:       5779k 	2146.39k reads/sec
Bases Processed:        491m 	182.44m bases/sec
java -ea -Xmx27320m -Xms27320m --add-modules jdk.incubator.vector -cp /gpfs1/cl/ecogen/pbio6800/GroupProjects/programs/bbmap/current/ jgi.BBDuk in=/gpfs1/cl/ecogen/pbio6800/GroupProjects/picea_rnaseq/fastq_run2/NOR_02_D_H_10_GTGCCA_R1.fastq.gz out=/gpfs1/cl/ecogen/pbio6800/GroupProjects/picea_rnaseq/cleanreads/NOR_02_D_H_10_GTGCCA_R1.fastq.gz.clean.fq ref=/gpfs1/cl/ecogen/pbio6800/GroupProjects/programs/bbmap/resources/adapters.fa ktrim=r k=23 mink=11 hdist=1 tpe tbo trimpolya=10
WARNING: Using incubator modules: jdk.incubator.vector
Executing jgi.BBDuk [in=/gpfs1/cl/ecogen/pbio6800/GroupProjects/picea_rnaseq/fastq_run2/NOR_02_D_H_10_GTGCCA_R1.fastq.gz, out=/gpfs1/cl/ecogen/pbio6800/GroupProjects/picea_rnaseq/cleanreads/NOR_02_D_H_10_GTGCCA_R1.fastq.gz.clean.fq, ref=/gpfs1/cl/ecogen/pbio6800/GroupProjects/programs/bbmap/resources/adapters.fa, ktrim=r, k=23, mink=11, hdist=1, tpe, tbo, trimpolya=10]
Version 39.46

maskMiddle was disabled because useShortKmers=true
Allocating kmer table: 	0.028 seconds.
Initial:
Memory: max=28655m, total=28655m, free=28595m, used=60m

Added 217135 kmers; time: 	0.064 seconds.
Memory: max=28655m, total=28655m, free=28511m, used=144m

Input is being processed as unpaired
Started output streams:	0.020 seconds.
Processing time:   		3.410 seconds.

Input:                  	5575589 reads 		473925065 bases.
Polymer-trimmed:        	25240 reads (0.45%) 	416589 bases (0.09%)
KTrimmed:               	399278 reads (7.16%) 	18565771 bases (3.92%)
Trimmed by overlap:     	0 reads (0.00%) 	0 bases (0.00%)
Total Removed:          	61946 reads (1.11%) 	18982360 bases (4.01%)
Result:                 	5513643 reads (98.89%) 	454942705 bases (95.99%)

Time:                         	3.496 seconds.
Reads Processed:       5575k 	1595.00k reads/sec
Bases Processed:        473m 	135.58m bases/sec
java -ea -Xmx27320m -Xms27320m --add-modules jdk.incubator.vector -cp /gpfs1/cl/ecogen/pbio6800/GroupProjects/programs/bbmap/current/ jgi.BBDuk in=/gpfs1/cl/ecogen/pbio6800/GroupProjects/picea_rnaseq/fastq_run2/NOR_02_D_H_5_CACTAA_R1.fastq.gz out=/gpfs1/cl/ecogen/pbio6800/GroupProjects/picea_rnaseq/cleanreads/NOR_02_D_H_5_CACTAA_R1.fastq.gz.clean.fq ref=/gpfs1/cl/ecogen/pbio6800/GroupProjects/programs/bbmap/resources/adapters.fa ktrim=r k=23 mink=11 hdist=1 tpe tbo trimpolya=10
WARNING: Using incubator modules: jdk.incubator.vector
Executing jgi.BBDuk [in=/gpfs1/cl/ecogen/pbio6800/GroupProjects/picea_rnaseq/fastq_run2/NOR_02_D_H_5_CACTAA_R1.fastq.gz, out=/gpfs1/cl/ecogen/pbio6800/GroupProjects/picea_rnaseq/cleanreads/NOR_02_D_H_5_CACTAA_R1.fastq.gz.clean.fq, ref=/gpfs1/cl/ecogen/pbio6800/GroupProjects/programs/bbmap/resources/adapters.fa, ktrim=r, k=23, mink=11, hdist=1, tpe, tbo, trimpolya=10]
Version 39.46

maskMiddle was disabled because useShortKmers=true
Allocating kmer table: 	0.008 seconds.
Initial:
Memory: max=28655m, total=28655m, free=28595m, used=60m

Added 217135 kmers; time: 	0.059 seconds.
Memory: max=28655m, total=28655m, free=28511m, used=144m

Input is being processed as unpaired
Started output streams:	0.017 seconds.
Processing time:   		2.929 seconds.

Input:                  	4107514 reads 		349138690 bases.
Polymer-trimmed:        	12414 reads (0.30%) 	284369 bases (0.08%)
KTrimmed:               	51414 reads (1.25%) 	2208483 bases (0.63%)
Trimmed by overlap:     	0 reads (0.00%) 	0 bases (0.00%)
Total Removed:          	2753 reads (0.07%) 	2492852 bases (0.71%)
Result:                 	4104761 reads (99.93%) 	346645838 bases (99.29%)

Time:                         	3.007 seconds.
Reads Processed:       4107k 	1365.95k reads/sec
Bases Processed:        349m 	116.11m bases/sec
java -ea -Xmx27320m -Xms27320m --add-modules jdk.incubator.vector -cp /gpfs1/cl/ecogen/pbio6800/GroupProjects/programs/bbmap/current/ jgi.BBDuk in=/gpfs1/cl/ecogen/pbio6800/GroupProjects/picea_rnaseq/fastq_run2/NOR_02_H_0_GTTACC_R1.fastq.gz out=/gpfs1/cl/ecogen/pbio6800/GroupProjects/picea_rnaseq/cleanreads/NOR_02_H_0_GTTACC_R1.fastq.gz.clean.fq ref=/gpfs1/cl/ecogen/pbio6800/GroupProjects/programs/bbmap/resources/adapters.fa ktrim=r k=23 mink=11 hdist=1 tpe tbo trimpolya=10
WARNING: Using incubator modules: jdk.incubator.vector
Executing jgi.BBDuk [in=/gpfs1/cl/ecogen/pbio6800/GroupProjects/picea_rnaseq/fastq_run2/NOR_02_H_0_GTTACC_R1.fastq.gz, out=/gpfs1/cl/ecogen/pbio6800/GroupProjects/picea_rnaseq/cleanreads/NOR_02_H_0_GTTACC_R1.fastq.gz.clean.fq, ref=/gpfs1/cl/ecogen/pbio6800/GroupProjects/programs/bbmap/resources/adapters.fa, ktrim=r, k=23, mink=11, hdist=1, tpe, tbo, trimpolya=10]
Version 39.46

maskMiddle was disabled because useShortKmers=true
Allocating kmer table: 	0.009 seconds.
Initial:
Memory: max=28655m, total=28655m, free=28595m, used=60m

Added 217135 kmers; time: 	0.067 seconds.
Memory: max=28655m, total=28655m, free=28511m, used=144m

Input is being processed as unpaired
Started output streams:	0.018 seconds.
Processing time:   		2.010 seconds.

Input:                  	4493423 reads 		381940955 bases.
Polymer-trimmed:        	45146 reads (1.00%) 	731787 bases (0.19%)
KTrimmed:               	238217 reads (5.30%) 	10313942 bases (2.70%)
Trimmed by overlap:     	0 reads (0.00%) 	0 bases (0.00%)
Total Removed:          	13151 reads (0.29%) 	11045729 bases (2.89%)
Result:                 	4480272 reads (99.71%) 	370895226 bases (97.11%)

Time:                         	2.096 seconds.
Reads Processed:       4493k 	2143.30k reads/sec
Bases Processed:        381m 	182.18m bases/sec
java -ea -Xmx27320m -Xms27320m --add-modules jdk.incubator.vector -cp /gpfs1/cl/ecogen/pbio6800/GroupProjects/programs/bbmap/current/ jgi.BBDuk in=/gpfs1/cl/ecogen/pbio6800/GroupProjects/picea_rnaseq/fastq_run2/NOR_02_H_10_GTAGAA_R1.fastq.gz out=/gpfs1/cl/ecogen/pbio6800/GroupProjects/picea_rnaseq/cleanreads/NOR_02_H_10_GTAGAA_R1.fastq.gz.clean.fq ref=/gpfs1/cl/ecogen/pbio6800/GroupProjects/programs/bbmap/resources/adapters.fa ktrim=r k=23 mink=11 hdist=1 tpe tbo trimpolya=10
WARNING: Using incubator modules: jdk.incubator.vector
Executing jgi.BBDuk [in=/gpfs1/cl/ecogen/pbio6800/GroupProjects/picea_rnaseq/fastq_run2/NOR_02_H_10_GTAGAA_R1.fastq.gz, out=/gpfs1/cl/ecogen/pbio6800/GroupProjects/picea_rnaseq/cleanreads/NOR_02_H_10_GTAGAA_R1.fastq.gz.clean.fq, ref=/gpfs1/cl/ecogen/pbio6800/GroupProjects/programs/bbmap/resources/adapters.fa, ktrim=r, k=23, mink=11, hdist=1, tpe, tbo, trimpolya=10]
Version 39.46

maskMiddle was disabled because useShortKmers=true
Allocating kmer table: 	0.016 seconds.
Initial:
Memory: max=28655m, total=28655m, free=28595m, used=60m

Added 217135 kmers; time: 	0.063 seconds.
Memory: max=28655m, total=28655m, free=28511m, used=144m

Input is being processed as unpaired
Started output streams:	0.017 seconds.
Processing time:   		3.181 seconds.

Input:                  	5546910 reads 		471487350 bases.
Polymer-trimmed:        	92746 reads (1.67%) 	1471573 bases (0.31%)
KTrimmed:               	355838 reads (6.42%) 	15580940 bases (3.30%)
Trimmed by overlap:     	0 reads (0.00%) 	0 bases (0.00%)
Total Removed:          	20080 reads (0.36%) 	17052513 bases (3.62%)
Result:                 	5526830 reads (99.64%) 	454434837 bases (96.38%)

Time:                         	3.263 seconds.
Reads Processed:       5546k 	1700.08k reads/sec
Bases Processed:        471m 	144.51m bases/sec
java -ea -Xmx27320m -Xms27320m --add-modules jdk.incubator.vector -cp /gpfs1/cl/ecogen/pbio6800/GroupProjects/programs/bbmap/current/ jgi.BBDuk in=/gpfs1/cl/ecogen/pbio6800/GroupProjects/picea_rnaseq/fastq_run2/NOR_02_H_5_GAAGTG_R1.fastq.gz out=/gpfs1/cl/ecogen/pbio6800/GroupProjects/picea_rnaseq/cleanreads/NOR_02_H_5_GAAGTG_R1.fastq.gz.clean.fq ref=/gpfs1/cl/ecogen/pbio6800/GroupProjects/programs/bbmap/resources/adapters.fa ktrim=r k=23 mink=11 hdist=1 tpe tbo trimpolya=10
WARNING: Using incubator modules: jdk.incubator.vector
Executing jgi.BBDuk [in=/gpfs1/cl/ecogen/pbio6800/GroupProjects/picea_rnaseq/fastq_run2/NOR_02_H_5_GAAGTG_R1.fastq.gz, out=/gpfs1/cl/ecogen/pbio6800/GroupProjects/picea_rnaseq/cleanreads/NOR_02_H_5_GAAGTG_R1.fastq.gz.clean.fq, ref=/gpfs1/cl/ecogen/pbio6800/GroupProjects/programs/bbmap/resources/adapters.fa, ktrim=r, k=23, mink=11, hdist=1, tpe, tbo, trimpolya=10]
Version 39.46

maskMiddle was disabled because useShortKmers=true
Allocating kmer table: 	0.014 seconds.
Initial:
Memory: max=28655m, total=28655m, free=28595m, used=60m

Added 217135 kmers; time: 	0.064 seconds.
Memory: max=28655m, total=28655m, free=28511m, used=144m

Input is being processed as unpaired
Started output streams:	0.028 seconds.
Processing time:   		4.403 seconds.

Input:                  	8123218 reads 		690473530 bases.
Polymer-trimmed:        	74797 reads (0.92%) 	1247111 bases (0.18%)
KTrimmed:               	589527 reads (7.26%) 	23471413 bases (3.40%)
Trimmed by overlap:     	0 reads (0.00%) 	0 bases (0.00%)
Total Removed:          	11810 reads (0.15%) 	24718524 bases (3.58%)
Result:                 	8111408 reads (99.85%) 	665755006 bases (96.42%)

Time:                         	4.498 seconds.
Reads Processed:       8123k 	1806.16k reads/sec
Bases Processed:        690m 	153.52m bases/sec
java -ea -Xmx27320m -Xms27320m --add-modules jdk.incubator.vector -cp /gpfs1/cl/ecogen/pbio6800/GroupProjects/programs/bbmap/current/ jgi.BBDuk in=/gpfs1/cl/ecogen/pbio6800/GroupProjects/picea_rnaseq/fastq_run2/XBM_07_C_0_GATCAC_R1.fastq.gz out=/gpfs1/cl/ecogen/pbio6800/GroupProjects/picea_rnaseq/cleanreads/XBM_07_C_0_GATCAC_R1.fastq.gz.clean.fq ref=/gpfs1/cl/ecogen/pbio6800/GroupProjects/programs/bbmap/resources/adapters.fa ktrim=r k=23 mink=11 hdist=1 tpe tbo trimpolya=10
WARNING: Using incubator modules: jdk.incubator.vector
Executing jgi.BBDuk [in=/gpfs1/cl/ecogen/pbio6800/GroupProjects/picea_rnaseq/fastq_run2/XBM_07_C_0_GATCAC_R1.fastq.gz, out=/gpfs1/cl/ecogen/pbio6800/GroupProjects/picea_rnaseq/cleanreads/XBM_07_C_0_GATCAC_R1.fastq.gz.clean.fq, ref=/gpfs1/cl/ecogen/pbio6800/GroupProjects/programs/bbmap/resources/adapters.fa, ktrim=r, k=23, mink=11, hdist=1, tpe, tbo, trimpolya=10]
Version 39.46

maskMiddle was disabled because useShortKmers=true
Allocating kmer table: 	0.015 seconds.
Initial:
Memory: max=28655m, total=28655m, free=28595m, used=60m

Added 217135 kmers; time: 	0.077 seconds.
Memory: max=28655m, total=28655m, free=28511m, used=144m

Input is being processed as unpaired
Started output streams:	0.053 seconds.
Processing time:   		2.722 seconds.

Input:                  	5048366 reads 		429111110 bases.
Polymer-trimmed:        	70108 reads (1.39%) 	1199449 bases (0.28%)
KTrimmed:               	225846 reads (4.47%) 	10151768 bases (2.37%)
Trimmed by overlap:     	0 reads (0.00%) 	0 bases (0.00%)
Total Removed:          	25641 reads (0.51%) 	11351217 bases (2.65%)
Result:                 	5022725 reads (99.49%) 	417759893 bases (97.35%)

Time:                         	2.854 seconds.
Reads Processed:       5048k 	1768.86k reads/sec
Bases Processed:        429m 	150.35m bases/sec
java -ea -Xmx27320m -Xms27320m --add-modules jdk.incubator.vector -cp /gpfs1/cl/ecogen/pbio6800/GroupProjects/programs/bbmap/current/ jgi.BBDuk in=/gpfs1/cl/ecogen/pbio6800/GroupProjects/picea_rnaseq/fastq_run2/XBM_07_C_10_GCTCGA_R1.fastq.gz out=/gpfs1/cl/ecogen/pbio6800/GroupProjects/picea_rnaseq/cleanreads/XBM_07_C_10_GCTCGA_R1.fastq.gz.clean.fq ref=/gpfs1/cl/ecogen/pbio6800/GroupProjects/programs/bbmap/resources/adapters.fa ktrim=r k=23 mink=11 hdist=1 tpe tbo trimpolya=10
WARNING: Using incubator modules: jdk.incubator.vector
Executing jgi.BBDuk [in=/gpfs1/cl/ecogen/pbio6800/GroupProjects/picea_rnaseq/fastq_run2/XBM_07_C_10_GCTCGA_R1.fastq.gz, out=/gpfs1/cl/ecogen/pbio6800/GroupProjects/picea_rnaseq/cleanreads/XBM_07_C_10_GCTCGA_R1.fastq.gz.clean.fq, ref=/gpfs1/cl/ecogen/pbio6800/GroupProjects/programs/bbmap/resources/adapters.fa, ktrim=r, k=23, mink=11, hdist=1, tpe, tbo, trimpolya=10]
Version 39.46

maskMiddle was disabled because useShortKmers=true
Allocating kmer table: 	0.016 seconds.
Initial:
Memory: max=28655m, total=28655m, free=28595m, used=60m

Added 217135 kmers; time: 	0.072 seconds.
Memory: max=28655m, total=28655m, free=28511m, used=144m

Input is being processed as unpaired
Started output streams:	0.015 seconds.
Processing time:   		2.931 seconds.

Input:                  	5475353 reads 		465405005 bases.
Polymer-trimmed:        	52555 reads (0.96%) 	850607 bases (0.18%)
KTrimmed:               	176283 reads (3.22%) 	7218745 bases (1.55%)
Trimmed by overlap:     	0 reads (0.00%) 	0 bases (0.00%)
Total Removed:          	7882 reads (0.14%) 	8069352 bases (1.73%)
Result:                 	5467471 reads (99.86%) 	457335653 bases (98.27%)

Time:                         	3.020 seconds.
Reads Processed:       5475k 	1813.20k reads/sec
Bases Processed:        465m 	154.12m bases/sec
java -ea -Xmx27320m -Xms27320m --add-modules jdk.incubator.vector -cp /gpfs1/cl/ecogen/pbio6800/GroupProjects/programs/bbmap/current/ jgi.BBDuk in=/gpfs1/cl/ecogen/pbio6800/GroupProjects/picea_rnaseq/fastq_run2/XBM_07_C_5_TGCACG_R1.fastq.gz out=/gpfs1/cl/ecogen/pbio6800/GroupProjects/picea_rnaseq/cleanreads/XBM_07_C_5_TGCACG_R1.fastq.gz.clean.fq ref=/gpfs1/cl/ecogen/pbio6800/GroupProjects/programs/bbmap/resources/adapters.fa ktrim=r k=23 mink=11 hdist=1 tpe tbo trimpolya=10
WARNING: Using incubator modules: jdk.incubator.vector
Executing jgi.BBDuk [in=/gpfs1/cl/ecogen/pbio6800/GroupProjects/picea_rnaseq/fastq_run2/XBM_07_C_5_TGCACG_R1.fastq.gz, out=/gpfs1/cl/ecogen/pbio6800/GroupProjects/picea_rnaseq/cleanreads/XBM_07_C_5_TGCACG_R1.fastq.gz.clean.fq, ref=/gpfs1/cl/ecogen/pbio6800/GroupProjects/programs/bbmap/resources/adapters.fa, ktrim=r, k=23, mink=11, hdist=1, tpe, tbo, trimpolya=10]
Version 39.46

maskMiddle was disabled because useShortKmers=true
Allocating kmer table: 	0.014 seconds.
Initial:
Memory: max=28655m, total=28655m, free=28595m, used=60m

Added 217135 kmers; time: 	0.076 seconds.
Memory: max=28655m, total=28655m, free=28511m, used=144m

Input is being processed as unpaired
Started output streams:	0.018 seconds.
Processing time:   		3.268 seconds.

Input:                  	4375944 reads 		371955240 bases.
Polymer-trimmed:        	24980 reads (0.57%) 	424439 bases (0.11%)
KTrimmed:               	101673 reads (2.32%) 	4065908 bases (1.09%)
Trimmed by overlap:     	0 reads (0.00%) 	0 bases (0.00%)
Total Removed:          	2977 reads (0.07%) 	4490347 bases (1.21%)
Result:                 	4372967 reads (99.93%) 	367464893 bases (98.79%)

Time:                         	3.363 seconds.
Reads Processed:       4375k 	1301.04k reads/sec
Bases Processed:        371m 	110.59m bases/sec
java -ea -Xmx27320m -Xms27320m --add-modules jdk.incubator.vector -cp /gpfs1/cl/ecogen/pbio6800/GroupProjects/programs/bbmap/current/ jgi.BBDuk in=/gpfs1/cl/ecogen/pbio6800/GroupProjects/picea_rnaseq/fastq_run2/XBM_07_D_H_0_ATATCC_R1.fastq.gz out=/gpfs1/cl/ecogen/pbio6800/GroupProjects/picea_rnaseq/cleanreads/XBM_07_D_H_0_ATATCC_R1.fastq.gz.clean.fq ref=/gpfs1/cl/ecogen/pbio6800/GroupProjects/programs/bbmap/resources/adapters.fa ktrim=r k=23 mink=11 hdist=1 tpe tbo trimpolya=10
WARNING: Using incubator modules: jdk.incubator.vector
Executing jgi.BBDuk [in=/gpfs1/cl/ecogen/pbio6800/GroupProjects/picea_rnaseq/fastq_run2/XBM_07_D_H_0_ATATCC_R1.fastq.gz, out=/gpfs1/cl/ecogen/pbio6800/GroupProjects/picea_rnaseq/cleanreads/XBM_07_D_H_0_ATATCC_R1.fastq.gz.clean.fq, ref=/gpfs1/cl/ecogen/pbio6800/GroupProjects/programs/bbmap/resources/adapters.fa, ktrim=r, k=23, mink=11, hdist=1, tpe, tbo, trimpolya=10]
Version 39.46

maskMiddle was disabled because useShortKmers=true
Allocating kmer table: 	0.016 seconds.
Initial:
Memory: max=28655m, total=28655m, free=28595m, used=60m

Added 217135 kmers; time: 	0.067 seconds.
Memory: max=28655m, total=28655m, free=28511m, used=144m

Input is being processed as unpaired
Started output streams:	0.016 seconds.
Processing time:   		3.554 seconds.

Input:                  	6595152 reads 		560587920 bases.
Polymer-trimmed:        	142945 reads (2.17%) 	2500185 bases (0.45%)
KTrimmed:               	275744 reads (4.18%) 	11365360 bases (2.03%)
Trimmed by overlap:     	0 reads (0.00%) 	0 bases (0.00%)
Total Removed:          	15785 reads (0.24%) 	13865545 bases (2.47%)
Result:                 	6579367 reads (99.76%) 	546722375 bases (97.53%)

Time:                         	3.639 seconds.
Reads Processed:       6595k 	1812.42k reads/sec
Bases Processed:        560m 	154.06m bases/sec
java -ea -Xmx27320m -Xms27320m --add-modules jdk.incubator.vector -cp /gpfs1/cl/ecogen/pbio6800/GroupProjects/programs/bbmap/current/ jgi.BBDuk in=/gpfs1/cl/ecogen/pbio6800/GroupProjects/picea_rnaseq/fastq_run2/XBM_07_D_H_10_GTCAGG_R1.fastq.gz out=/gpfs1/cl/ecogen/pbio6800/GroupProjects/picea_rnaseq/cleanreads/XBM_07_D_H_10_GTCAGG_R1.fastq.gz.clean.fq ref=/gpfs1/cl/ecogen/pbio6800/GroupProjects/programs/bbmap/resources/adapters.fa ktrim=r k=23 mink=11 hdist=1 tpe tbo trimpolya=10
WARNING: Using incubator modules: jdk.incubator.vector
Executing jgi.BBDuk [in=/gpfs1/cl/ecogen/pbio6800/GroupProjects/picea_rnaseq/fastq_run2/XBM_07_D_H_10_GTCAGG_R1.fastq.gz, out=/gpfs1/cl/ecogen/pbio6800/GroupProjects/picea_rnaseq/cleanreads/XBM_07_D_H_10_GTCAGG_R1.fastq.gz.clean.fq, ref=/gpfs1/cl/ecogen/pbio6800/GroupProjects/programs/bbmap/resources/adapters.fa, ktrim=r, k=23, mink=11, hdist=1, tpe, tbo, trimpolya=10]
Version 39.46

maskMiddle was disabled because useShortKmers=true
Allocating kmer table: 	0.018 seconds.
Initial:
Memory: max=28655m, total=28655m, free=28595m, used=60m

Added 217135 kmers; time: 	0.060 seconds.
Memory: max=28655m, total=28655m, free=28511m, used=144m

Input is being processed as unpaired
Started output streams:	0.018 seconds.
Processing time:   		2.747 seconds.

Input:                  	5662312 reads 		481296520 bases.
Polymer-trimmed:        	31070 reads (0.55%) 	521438 bases (0.11%)
KTrimmed:               	481032 reads (8.50%) 	20443359 bases (4.25%)
Trimmed by overlap:     	0 reads (0.00%) 	0 bases (0.00%)
Total Removed:          	22142 reads (0.39%) 	20964797 bases (4.36%)
Result:                 	5640170 reads (99.61%) 	460331723 bases (95.64%)

Time:                         	2.827 seconds.
Reads Processed:       5662k 	2002.61k reads/sec
Bases Processed:        481m 	170.22m bases/sec
java -ea -Xmx27320m -Xms27320m --add-modules jdk.incubator.vector -cp /gpfs1/cl/ecogen/pbio6800/GroupProjects/programs/bbmap/current/ jgi.BBDuk in=/gpfs1/cl/ecogen/pbio6800/GroupProjects/picea_rnaseq/fastq_run2/XBM_07_D_H_5_CTAGTC_R1.fastq.gz out=/gpfs1/cl/ecogen/pbio6800/GroupProjects/picea_rnaseq/cleanreads/XBM_07_D_H_5_CTAGTC_R1.fastq.gz.clean.fq ref=/gpfs1/cl/ecogen/pbio6800/GroupProjects/programs/bbmap/resources/adapters.fa ktrim=r k=23 mink=11 hdist=1 tpe tbo trimpolya=10
WARNING: Using incubator modules: jdk.incubator.vector
Executing jgi.BBDuk [in=/gpfs1/cl/ecogen/pbio6800/GroupProjects/picea_rnaseq/fastq_run2/XBM_07_D_H_5_CTAGTC_R1.fastq.gz, out=/gpfs1/cl/ecogen/pbio6800/GroupProjects/picea_rnaseq/cleanreads/XBM_07_D_H_5_CTAGTC_R1.fastq.gz.clean.fq, ref=/gpfs1/cl/ecogen/pbio6800/GroupProjects/programs/bbmap/resources/adapters.fa, ktrim=r, k=23, mink=11, hdist=1, tpe, tbo, trimpolya=10]
Version 39.46

maskMiddle was disabled because useShortKmers=true
Allocating kmer table: 	0.013 seconds.
Initial:
Memory: max=28655m, total=28655m, free=28595m, used=60m

Added 217135 kmers; time: 	0.072 seconds.
Memory: max=28655m, total=28655m, free=28511m, used=144m

Input is being processed as unpaired
Started output streams:	0.016 seconds.
Processing time:   		3.032 seconds.

Input:                  	4826150 reads 		410222750 bases.
Polymer-trimmed:        	50772 reads (1.05%) 	884476 bases (0.22%)
KTrimmed:               	205239 reads (4.25%) 	8657020 bases (2.11%)
Trimmed by overlap:     	0 reads (0.00%) 	0 bases (0.00%)
Total Removed:          	10329 reads (0.21%) 	9541496 bases (2.33%)
Result:                 	4815821 reads (99.79%) 	400681254 bases (97.67%)

Time:                         	3.122 seconds.
Reads Processed:       4826k 	1545.85k reads/sec
Bases Processed:        410m 	131.40m bases/sec
java -ea -Xmx27320m -Xms27320m --add-modules jdk.incubator.vector -cp /gpfs1/cl/ecogen/pbio6800/GroupProjects/programs/bbmap/current/ jgi.BBDuk in=/gpfs1/cl/ecogen/pbio6800/GroupProjects/picea_rnaseq/fastq_run2/XBM_07_H_0_ACCAGT_R1.fastq.gz out=/gpfs1/cl/ecogen/pbio6800/GroupProjects/picea_rnaseq/cleanreads/XBM_07_H_0_ACCAGT_R1.fastq.gz.clean.fq ref=/gpfs1/cl/ecogen/pbio6800/GroupProjects/programs/bbmap/resources/adapters.fa ktrim=r k=23 mink=11 hdist=1 tpe tbo trimpolya=10
WARNING: Using incubator modules: jdk.incubator.vector
Executing jgi.BBDuk [in=/gpfs1/cl/ecogen/pbio6800/GroupProjects/picea_rnaseq/fastq_run2/XBM_07_H_0_ACCAGT_R1.fastq.gz, out=/gpfs1/cl/ecogen/pbio6800/GroupProjects/picea_rnaseq/cleanreads/XBM_07_H_0_ACCAGT_R1.fastq.gz.clean.fq, ref=/gpfs1/cl/ecogen/pbio6800/GroupProjects/programs/bbmap/resources/adapters.fa, ktrim=r, k=23, mink=11, hdist=1, tpe, tbo, trimpolya=10]
Version 39.46

maskMiddle was disabled because useShortKmers=true
Allocating kmer table: 	0.017 seconds.
Initial:
Memory: max=28655m, total=28655m, free=28595m, used=60m

Added 217135 kmers; time: 	0.068 seconds.
Memory: max=28655m, total=28655m, free=28511m, used=144m

Input is being processed as unpaired
Started output streams:	0.015 seconds.
Processing time:   		2.632 seconds.

Input:                  	4632878 reads 		393794630 bases.
Polymer-trimmed:        	73239 reads (1.58%) 	1238953 bases (0.31%)
KTrimmed:               	168236 reads (3.63%) 	7279430 bases (1.85%)
Trimmed by overlap:     	0 reads (0.00%) 	0 bases (0.00%)
Total Removed:          	14937 reads (0.32%) 	8518383 bases (2.16%)
Result:                 	4617941 reads (99.68%) 	385276247 bases (97.84%)

Time:                         	2.717 seconds.
Reads Processed:       4632k 	1705.45k reads/sec
Bases Processed:        393m 	144.96m bases/sec
java -ea -Xmx27320m -Xms27320m --add-modules jdk.incubator.vector -cp /gpfs1/cl/ecogen/pbio6800/GroupProjects/programs/bbmap/current/ jgi.BBDuk in=/gpfs1/cl/ecogen/pbio6800/GroupProjects/picea_rnaseq/fastq_run2/XBM_07_H_10_GGAGGT_R1.fastq.gz out=/gpfs1/cl/ecogen/pbio6800/GroupProjects/picea_rnaseq/cleanreads/XBM_07_H_10_GGAGGT_R1.fastq.gz.clean.fq ref=/gpfs1/cl/ecogen/pbio6800/GroupProjects/programs/bbmap/resources/adapters.fa ktrim=r k=23 mink=11 hdist=1 tpe tbo trimpolya=10
WARNING: Using incubator modules: jdk.incubator.vector
Executing jgi.BBDuk [in=/gpfs1/cl/ecogen/pbio6800/GroupProjects/picea_rnaseq/fastq_run2/XBM_07_H_10_GGAGGT_R1.fastq.gz, out=/gpfs1/cl/ecogen/pbio6800/GroupProjects/picea_rnaseq/cleanreads/XBM_07_H_10_GGAGGT_R1.fastq.gz.clean.fq, ref=/gpfs1/cl/ecogen/pbio6800/GroupProjects/programs/bbmap/resources/adapters.fa, ktrim=r, k=23, mink=11, hdist=1, tpe, tbo, trimpolya=10]
Version 39.46

maskMiddle was disabled because useShortKmers=true
Allocating kmer table: 	0.018 seconds.
Initial:
Memory: max=28655m, total=28655m, free=28595m, used=60m

Added 217135 kmers; time: 	0.068 seconds.
Memory: max=28655m, total=28655m, free=28511m, used=144m

Input is being processed as unpaired
Started output streams:	0.016 seconds.
Processing time:   		3.713 seconds.

Input:                  	5701340 reads 		484613900 bases.
Polymer-trimmed:        	58702 reads (1.03%) 	980451 bases (0.20%)
KTrimmed:               	369087 reads (6.47%) 	15059845 bases (3.11%)
Trimmed by overlap:     	0 reads (0.00%) 	0 bases (0.00%)
Total Removed:          	10720 reads (0.19%) 	16040296 bases (3.31%)
Result:                 	5690620 reads (99.81%) 	468573604 bases (96.69%)

Time:                         	3.798 seconds.
Reads Processed:       5701k 	1501.02k reads/sec
Bases Processed:        484m 	127.59m bases/sec
